--
-- PostgreSQL database dump
--

-- Dumped from database version 14.15 (Homebrew)
-- Dumped by pg_dump version 14.15 (Homebrew)

SET statement_timeout = 0;
SET lock_timeout = 0;
SET idle_in_transaction_session_timeout = 0;
SET client_encoding = 'UTF8';
SET standard_conforming_strings = on;
SELECT pg_catalog.set_config('search_path', '', false);
SET check_function_bodies = false;
SET xmloption = content;
SET client_min_messages = warning;
SET row_security = off;

SET default_tablespace = '';

SET default_table_access_method = heap;

--
-- Name: auth_group; Type: TABLE; Schema: public; Owner: nba_superuser
--

CREATE TABLE public.auth_group (
    id integer NOT NULL,
    name character varying(150) NOT NULL
);


ALTER TABLE public.auth_group OWNER TO nba_superuser;

--
-- Name: auth_group_id_seq; Type: SEQUENCE; Schema: public; Owner: nba_superuser
--

ALTER TABLE public.auth_group ALTER COLUMN id ADD GENERATED BY DEFAULT AS IDENTITY (
    SEQUENCE NAME public.auth_group_id_seq
    START WITH 1
    INCREMENT BY 1
    NO MINVALUE
    NO MAXVALUE
    CACHE 1
);


--
-- Name: auth_group_permissions; Type: TABLE; Schema: public; Owner: nba_superuser
--

CREATE TABLE public.auth_group_permissions (
    id bigint NOT NULL,
    group_id integer NOT NULL,
    permission_id integer NOT NULL
);


ALTER TABLE public.auth_group_permissions OWNER TO nba_superuser;

--
-- Name: auth_group_permissions_id_seq; Type: SEQUENCE; Schema: public; Owner: nba_superuser
--

ALTER TABLE public.auth_group_permissions ALTER COLUMN id ADD GENERATED BY DEFAULT AS IDENTITY (
    SEQUENCE NAME public.auth_group_permissions_id_seq
    START WITH 1
    INCREMENT BY 1
    NO MINVALUE
    NO MAXVALUE
    CACHE 1
);


--
-- Name: auth_permission; Type: TABLE; Schema: public; Owner: nba_superuser
--

CREATE TABLE public.auth_permission (
    id integer NOT NULL,
    name character varying(255) NOT NULL,
    content_type_id integer NOT NULL,
    codename character varying(100) NOT NULL
);


ALTER TABLE public.auth_permission OWNER TO nba_superuser;

--
-- Name: auth_permission_id_seq; Type: SEQUENCE; Schema: public; Owner: nba_superuser
--

ALTER TABLE public.auth_permission ALTER COLUMN id ADD GENERATED BY DEFAULT AS IDENTITY (
    SEQUENCE NAME public.auth_permission_id_seq
    START WITH 1
    INCREMENT BY 1
    NO MINVALUE
    NO MAXVALUE
    CACHE 1
);


--
-- Name: auth_user; Type: TABLE; Schema: public; Owner: nba_superuser
--

CREATE TABLE public.auth_user (
    id integer NOT NULL,
    password character varying(128) NOT NULL,
    last_login timestamp with time zone,
    is_superuser boolean NOT NULL,
    username character varying(150) NOT NULL,
    first_name character varying(150) NOT NULL,
    last_name character varying(150) NOT NULL,
    email character varying(254) NOT NULL,
    is_staff boolean NOT NULL,
    is_active boolean NOT NULL,
    date_joined timestamp with time zone NOT NULL
);


ALTER TABLE public.auth_user OWNER TO nba_superuser;

--
-- Name: auth_user_groups; Type: TABLE; Schema: public; Owner: nba_superuser
--

CREATE TABLE public.auth_user_groups (
    id bigint NOT NULL,
    user_id integer NOT NULL,
    group_id integer NOT NULL
);


ALTER TABLE public.auth_user_groups OWNER TO nba_superuser;

--
-- Name: auth_user_groups_id_seq; Type: SEQUENCE; Schema: public; Owner: nba_superuser
--

ALTER TABLE public.auth_user_groups ALTER COLUMN id ADD GENERATED BY DEFAULT AS IDENTITY (
    SEQUENCE NAME public.auth_user_groups_id_seq
    START WITH 1
    INCREMENT BY 1
    NO MINVALUE
    NO MAXVALUE
    CACHE 1
);


--
-- Name: auth_user_id_seq; Type: SEQUENCE; Schema: public; Owner: nba_superuser
--

ALTER TABLE public.auth_user ALTER COLUMN id ADD GENERATED BY DEFAULT AS IDENTITY (
    SEQUENCE NAME public.auth_user_id_seq
    START WITH 1
    INCREMENT BY 1
    NO MINVALUE
    NO MAXVALUE
    CACHE 1
);


--
-- Name: auth_user_user_permissions; Type: TABLE; Schema: public; Owner: nba_superuser
--

CREATE TABLE public.auth_user_user_permissions (
    id bigint NOT NULL,
    user_id integer NOT NULL,
    permission_id integer NOT NULL
);


ALTER TABLE public.auth_user_user_permissions OWNER TO nba_superuser;

--
-- Name: auth_user_user_permissions_id_seq; Type: SEQUENCE; Schema: public; Owner: nba_superuser
--

ALTER TABLE public.auth_user_user_permissions ALTER COLUMN id ADD GENERATED BY DEFAULT AS IDENTITY (
    SEQUENCE NAME public.auth_user_user_permissions_id_seq
    START WITH 1
    INCREMENT BY 1
    NO MINVALUE
    NO MAXVALUE
    CACHE 1
);


--
-- Name: django_admin_log; Type: TABLE; Schema: public; Owner: nba_superuser
--

CREATE TABLE public.django_admin_log (
    id integer NOT NULL,
    action_time timestamp with time zone NOT NULL,
    object_id text,
    object_repr character varying(200) NOT NULL,
    action_flag smallint NOT NULL,
    change_message text NOT NULL,
    content_type_id integer,
    user_id integer NOT NULL,
    CONSTRAINT django_admin_log_action_flag_check CHECK ((action_flag >= 0))
);


ALTER TABLE public.django_admin_log OWNER TO nba_superuser;

--
-- Name: django_admin_log_id_seq; Type: SEQUENCE; Schema: public; Owner: nba_superuser
--

ALTER TABLE public.django_admin_log ALTER COLUMN id ADD GENERATED BY DEFAULT AS IDENTITY (
    SEQUENCE NAME public.django_admin_log_id_seq
    START WITH 1
    INCREMENT BY 1
    NO MINVALUE
    NO MAXVALUE
    CACHE 1
);


--
-- Name: django_content_type; Type: TABLE; Schema: public; Owner: nba_superuser
--

CREATE TABLE public.django_content_type (
    id integer NOT NULL,
    app_label character varying(100) NOT NULL,
    model character varying(100) NOT NULL
);


ALTER TABLE public.django_content_type OWNER TO nba_superuser;

--
-- Name: django_content_type_id_seq; Type: SEQUENCE; Schema: public; Owner: nba_superuser
--

ALTER TABLE public.django_content_type ALTER COLUMN id ADD GENERATED BY DEFAULT AS IDENTITY (
    SEQUENCE NAME public.django_content_type_id_seq
    START WITH 1
    INCREMENT BY 1
    NO MINVALUE
    NO MAXVALUE
    CACHE 1
);


--
-- Name: django_migrations; Type: TABLE; Schema: public; Owner: nba_superuser
--

CREATE TABLE public.django_migrations (
    id bigint NOT NULL,
    app character varying(255) NOT NULL,
    name character varying(255) NOT NULL,
    applied timestamp with time zone NOT NULL
);


ALTER TABLE public.django_migrations OWNER TO nba_superuser;

--
-- Name: django_migrations_id_seq; Type: SEQUENCE; Schema: public; Owner: nba_superuser
--

ALTER TABLE public.django_migrations ALTER COLUMN id ADD GENERATED BY DEFAULT AS IDENTITY (
    SEQUENCE NAME public.django_migrations_id_seq
    START WITH 1
    INCREMENT BY 1
    NO MINVALUE
    NO MAXVALUE
    CACHE 1
);


--
-- Name: django_session; Type: TABLE; Schema: public; Owner: nba_superuser
--

CREATE TABLE public.django_session (
    session_key character varying(40) NOT NULL,
    session_data text NOT NULL,
    expire_date timestamp with time zone NOT NULL
);


ALTER TABLE public.django_session OWNER TO nba_superuser;

--
-- Name: nba_data_game; Type: TABLE; Schema: public; Owner: nba_superuser
--

CREATE TABLE public.nba_data_game (
    id bigint NOT NULL,
    game_id integer NOT NULL,
    date date NOT NULL,
    datetime timestamp with time zone,
    home_team_score integer NOT NULL,
    visitor_team_score integer NOT NULL,
    season integer NOT NULL,
    status character varying(20) NOT NULL,
    period integer,
    "time" character varying(10),
    postseason boolean NOT NULL,
    home_team_id bigint NOT NULL,
    visitor_team_id bigint NOT NULL
);


ALTER TABLE public.nba_data_game OWNER TO nba_superuser;

--
-- Name: nba_data_game_id_seq; Type: SEQUENCE; Schema: public; Owner: nba_superuser
--

ALTER TABLE public.nba_data_game ALTER COLUMN id ADD GENERATED BY DEFAULT AS IDENTITY (
    SEQUENCE NAME public.nba_data_game_id_seq
    START WITH 1
    INCREMENT BY 1
    NO MINVALUE
    NO MAXVALUE
    CACHE 1
);


--
-- Name: nba_data_player; Type: TABLE; Schema: public; Owner: nba_superuser
--

CREATE TABLE public.nba_data_player (
    id bigint NOT NULL,
    player_id integer NOT NULL,
    first_name character varying(50) NOT NULL,
    last_name character varying(50) NOT NULL,
    "position" character varying(10),
    height_feet integer,
    height_inches integer,
    height_total_inches integer,
    weight_pounds integer,
    jersey_number character varying(10),
    college character varying(100),
    country character varying(100),
    draft_year integer,
    draft_round integer,
    draft_number integer,
    team_id bigint
);


ALTER TABLE public.nba_data_player OWNER TO nba_superuser;

--
-- Name: nba_data_player_id_seq; Type: SEQUENCE; Schema: public; Owner: nba_superuser
--

ALTER TABLE public.nba_data_player ALTER COLUMN id ADD GENERATED BY DEFAULT AS IDENTITY (
    SEQUENCE NAME public.nba_data_player_id_seq
    START WITH 1
    INCREMENT BY 1
    NO MINVALUE
    NO MAXVALUE
    CACHE 1
);


--
-- Name: nba_data_team; Type: TABLE; Schema: public; Owner: nba_superuser
--

CREATE TABLE public.nba_data_team (
    id bigint NOT NULL,
    team_id integer NOT NULL,
    abbreviation character varying(3) NOT NULL,
    city character varying(50) NOT NULL,
    conference character varying(10) NOT NULL,
    division character varying(20) NOT NULL,
    full_name character varying(100) NOT NULL,
    name character varying(50) NOT NULL
);


ALTER TABLE public.nba_data_team OWNER TO nba_superuser;

--
-- Name: nba_data_team_id_seq; Type: SEQUENCE; Schema: public; Owner: nba_superuser
--

ALTER TABLE public.nba_data_team ALTER COLUMN id ADD GENERATED BY DEFAULT AS IDENTITY (
    SEQUENCE NAME public.nba_data_team_id_seq
    START WITH 1
    INCREMENT BY 1
    NO MINVALUE
    NO MAXVALUE
    CACHE 1
);


--
-- Data for Name: auth_group; Type: TABLE DATA; Schema: public; Owner: nba_superuser
--

COPY public.auth_group (id, name) FROM stdin;
\.


--
-- Data for Name: auth_group_permissions; Type: TABLE DATA; Schema: public; Owner: nba_superuser
--

COPY public.auth_group_permissions (id, group_id, permission_id) FROM stdin;
\.


--
-- Data for Name: auth_permission; Type: TABLE DATA; Schema: public; Owner: nba_superuser
--

COPY public.auth_permission (id, name, content_type_id, codename) FROM stdin;
1	Can add log entry	1	add_logentry
2	Can change log entry	1	change_logentry
3	Can delete log entry	1	delete_logentry
4	Can view log entry	1	view_logentry
5	Can add permission	2	add_permission
6	Can change permission	2	change_permission
7	Can delete permission	2	delete_permission
8	Can view permission	2	view_permission
9	Can add group	3	add_group
10	Can change group	3	change_group
11	Can delete group	3	delete_group
12	Can view group	3	view_group
13	Can add user	4	add_user
14	Can change user	4	change_user
15	Can delete user	4	delete_user
16	Can view user	4	view_user
17	Can add content type	5	add_contenttype
18	Can change content type	5	change_contenttype
19	Can delete content type	5	delete_contenttype
20	Can view content type	5	view_contenttype
21	Can add session	6	add_session
22	Can change session	6	change_session
23	Can delete session	6	delete_session
24	Can view session	6	view_session
25	Can add team	7	add_team
26	Can change team	7	change_team
27	Can delete team	7	delete_team
28	Can view team	7	view_team
29	Can add player	8	add_player
30	Can change player	8	change_player
31	Can delete player	8	delete_player
32	Can view player	8	view_player
33	Can add game	9	add_game
34	Can change game	9	change_game
35	Can delete game	9	delete_game
36	Can view game	9	view_game
\.


--
-- Data for Name: auth_user; Type: TABLE DATA; Schema: public; Owner: nba_superuser
--

COPY public.auth_user (id, password, last_login, is_superuser, username, first_name, last_name, email, is_staff, is_active, date_joined) FROM stdin;
1	pbkdf2_sha256$1000000$2nIcntpELE9UwLZWFZcXDh$Di/5GCqrV8rxcYqzbwR6cDq9Tzv+JgS7V7FOiyeWwxk=	2025-04-04 22:40:32.791316+00	t	nba_superuser			flaslgibbs@gmail.com	t	t	2025-04-04 22:40:13.724096+00
\.


--
-- Data for Name: auth_user_groups; Type: TABLE DATA; Schema: public; Owner: nba_superuser
--

COPY public.auth_user_groups (id, user_id, group_id) FROM stdin;
\.


--
-- Data for Name: auth_user_user_permissions; Type: TABLE DATA; Schema: public; Owner: nba_superuser
--

COPY public.auth_user_user_permissions (id, user_id, permission_id) FROM stdin;
\.


--
-- Data for Name: django_admin_log; Type: TABLE DATA; Schema: public; Owner: nba_superuser
--

COPY public.django_admin_log (id, action_time, object_id, object_repr, action_flag, change_message, content_type_id, user_id) FROM stdin;
\.


--
-- Data for Name: django_content_type; Type: TABLE DATA; Schema: public; Owner: nba_superuser
--

COPY public.django_content_type (id, app_label, model) FROM stdin;
1	admin	logentry
2	auth	permission
3	auth	group
4	auth	user
5	contenttypes	contenttype
6	sessions	session
7	nba_data	team
8	nba_data	player
9	nba_data	game
\.


--
-- Data for Name: django_migrations; Type: TABLE DATA; Schema: public; Owner: nba_superuser
--

COPY public.django_migrations (id, app, name, applied) FROM stdin;
1	contenttypes	0001_initial	2025-04-03 21:43:36.50862+00
2	auth	0001_initial	2025-04-03 21:43:36.53711+00
3	admin	0001_initial	2025-04-03 21:43:36.546728+00
4	admin	0002_logentry_remove_auto_add	2025-04-03 21:43:36.549719+00
5	admin	0003_logentry_add_action_flag_choices	2025-04-03 21:43:36.552368+00
6	contenttypes	0002_remove_content_type_name	2025-04-03 21:43:36.558986+00
7	auth	0002_alter_permission_name_max_length	2025-04-03 21:43:36.562615+00
8	auth	0003_alter_user_email_max_length	2025-04-03 21:43:36.565569+00
9	auth	0004_alter_user_username_opts	2025-04-03 21:43:36.568589+00
10	auth	0005_alter_user_last_login_null	2025-04-03 21:43:36.571756+00
11	auth	0006_require_contenttypes_0002	2025-04-03 21:43:36.572335+00
12	auth	0007_alter_validators_add_error_messages	2025-04-03 21:43:36.575288+00
13	auth	0008_alter_user_username_max_length	2025-04-03 21:43:36.582369+00
14	auth	0009_alter_user_last_name_max_length	2025-04-03 21:43:36.586007+00
15	auth	0010_alter_group_name_max_length	2025-04-03 21:43:36.58939+00
16	auth	0011_update_proxy_permissions	2025-04-03 21:43:36.59256+00
17	auth	0012_alter_user_first_name_max_length	2025-04-03 21:43:36.595838+00
18	nba_data	0001_initial	2025-04-03 21:43:36.620355+00
19	sessions	0001_initial	2025-04-03 21:43:36.6271+00
\.


--
-- Data for Name: django_session; Type: TABLE DATA; Schema: public; Owner: nba_superuser
--

COPY public.django_session (session_key, session_data, expire_date) FROM stdin;
kh7ja32q5pktfetge9vtfgnuf0yeiikc	.eJxVjMsOwiAQRf-FtSHQOjxcuu83kJkBpGogKe3K-O_apAvd3nPOfYmA21rC1tMS5iguQovT70bIj1R3EO9Yb01yq-syk9wVedAupxbT83q4fwcFe_nWThHZkbPxOZJTo2Umx_kMHhOPA2ofWdmUwXgHBIoHrxVlYxksaI_i_QEB0DhB:1u0piC:g3u0_U63WLpDuDvMMw5idDDp1sekK2mU_eDd0b15I7A	2025-04-18 22:40:32.792575+00
\.


--
-- Data for Name: nba_data_game; Type: TABLE DATA; Schema: public; Owner: nba_superuser
--

COPY public.nba_data_game (id, game_id, date, datetime, home_team_score, visitor_team_score, season, status, period, "time", postseason, home_team_id, visitor_team_id) FROM stdin;
4	1037597	2023-10-25	\N	104	108	2023	Final	4	Final	f	20	2
5	1037600	2023-10-25	\N	103	102	2023	Final	4	Final	f	16	9
6	1037601	2023-10-25	\N	97	94	2023	Final	4	Final	f	28	18
7	1037599	2023-10-25	\N	113	114	2023	Final	4	Final	f	3	6
8	1037596	2023-10-25	\N	143	120	2023	Final	4	Final	f	12	30
9	1037598	2023-10-25	\N	116	86	2023	Final	4	Final	f	22	11
10	1037604	2023-10-25	\N	114	130	2023	Final	4	Final	f	29	26
11	1037603	2023-10-25	\N	104	111	2023	Final	4	Final	f	15	19
12	1037595	2023-10-25	\N	116	110	2023	Final	4	Final	f	4	1
13	1037606	2023-10-25	\N	123	111	2023	Final	4	Final	f	13	25
14	1037605	2023-10-25	\N	119	126	2023	Final	4	Final	f	27	7
15	1037608	2023-10-26	\N	100	95	2023	Final	4	Final	f	14	24
16	1037607	2023-10-26	\N	118	117	2023	Final	4	Final	f	17	23
17	1037609	2023-10-27	\N	99	111	2023	Final	4	Final	f	4	9
18	1037611	2023-10-27	\N	120	126	2023	Final	4	Final	f	1	20
20	1037614	2023-10-27	\N	104	103	2023	Final	5	Final	f	5	28
21	1037616	2023-10-27	\N	125	120	2023	Final	4	Final	f	7	3
22	1037612	2023-10-27	\N	119	111	2023	Final	4	Final	f	2	16
23	1037613	2023-10-27	\N	105	108	2023	Final	4	Final	f	6	21
24	1037617	2023-10-27	\N	120	118	2023	Final	4	Final	f	29	13
25	1037615	2023-10-27	\N	126	122	2023	Final	5	Final	f	27	11
26	1037626	2023-10-28	\N	126	104	2023	Final	4	Final	f	24	29
27	1037620	2023-10-28	\N	118	102	2023	Final	4	Final	f	9	5
28	1037623	2023-10-28	\N	113	125	2023	Final	4	Final	f	6	12
29	1037624	2023-10-28	\N	107	114	2023	Final	4	Final	f	28	23
30	1037625	2023-10-28	\N	106	90	2023	Final	4	Final	f	18	16
31	1037622	2023-10-28	\N	96	87	2023	Final	4	Final	f	19	20
32	1037621	2023-10-28	\N	113	106	2023	Final	4	Final	f	30	15
33	1037630	2023-10-29	\N	126	98	2023	Final	4	Final	f	23	25
34	1037631	2023-10-29	\N	123	83	2023	Final	4	Final	f	13	27
35	1037628	2023-10-29	\N	95	106	2023	Final	4	Final	f	11	10
36	1037629	2023-10-29	\N	110	127	2023	Final	4	Final	f	17	1
37	1037627	2023-10-29	\N	95	128	2023	Final	4	Final	f	21	8
38	1037632	2023-10-29	\N	132	127	2023	Final	5	Final	f	26	14
39	1037640	2023-10-30	\N	102	130	2023	Final	4	Final	f	19	10
40	1037638	2023-10-30	\N	110	125	2023	Final	4	Final	f	15	7
41	1037636	2023-10-30	\N	127	113	2023	Final	4	Final	f	1	18
42	1037633	2023-10-30	\N	121	133	2023	Final	4	Final	f	4	3
43	1037639	2023-10-30	\N	122	114	2023	Final	4	Final	f	17	16
45	1037634	2023-10-30	\N	105	112	2023	Final	4	Final	f	12	5
46	1037635	2023-10-30	\N	107	126	2023	Final	4	Final	f	30	2
47	1037637	2023-10-30	\N	91	99	2023	Final	4	Final	f	28	25
48	1037642	2023-10-30	\N	110	102	2023	Final	4	Final	f	8	29
49	1037641	2023-10-30	\N	124	112	2023	Final	4	Final	f	21	9
50	1037644	2023-10-31	\N	91	109	2023	Final	4	Final	f	6	20
51	1037654	2023-11-01	\N	128	119	2023	Final	4	Final	f	11	4
52	1037647	2023-11-01	\N	101	110	2023	Final	4	Final	f	9	25
53	1037653	2023-11-01	\N	106	110	2023	Final	4	Final	f	21	19
54	1037649	2023-11-01	\N	130	121	2023	Final	4	Final	f	1	30
55	1037657	2023-11-01	\N	133	109	2023	Final	4	Final	f	29	15
56	1037659	2023-11-01	\N	130	125	2023	Final	5	Final	f	14	13
57	1037650	2023-11-01	\N	155	104	2023	Final	4	Final	f	2	12
58	1037652	2023-11-01	\N	89	95	2023	Final	4	Final	f	20	6
59	1037656	2023-11-01	\N	114	105	2023	Final	4	Final	f	7	5
60	1037648	2023-11-01	\N	130	111	2023	Final	4	Final	f	28	17
61	1037658	2023-11-01	\N	102	101	2023	Final	4	Final	f	10	26
62	1037651	2023-11-01	\N	105	109	2023	Final	4	Final	f	16	3
63	1037655	2023-11-01	\N	110	89	2023	Final	4	Final	f	18	8
64	1037663	2023-11-02	\N	121	132	2023	Final	4	Final	f	24	27
65	1037660	2023-11-02	\N	114	99	2023	Final	4	Final	f	23	28
66	1037662	2023-11-02	\N	113	115	2023	Final	4	Final	f	29	22
67	1037661	2023-11-02	\N	125	116	2023	Final	4	Final	f	19	9
68	3277351	2023-11-03	\N	121	114	2023	Final	4	Final	f	16	30
70	3277352	2023-11-03	\N	107	109	2023	Final	4	Final	f	5	3
71	3277350	2023-11-03	\N	110	105	2023	Final	4	Final	f	17	20
72	3277349	2023-11-03	\N	121	116	2023	Final	4	Final	f	12	6
73	3277354	2023-11-03	\N	125	114	2023	Final	4	Final	f	8	7
74	3277353	2023-11-03	\N	139	141	2023	Final	4	Final	f	21	10
75	1037674	2023-11-04	\N	105	123	2023	Final	4	Final	f	19	1
76	1037675	2023-11-04	\N	114	124	2023	Final	4	Final	f	3	2
77	1037676	2023-11-04	\N	107	89	2023	Final	4	Final	f	11	26
78	1037673	2023-11-04	\N	120	101	2023	Final	4	Final	f	22	14
79	1037677	2023-11-04	\N	123	95	2023	Final	4	Final	f	18	29
80	1037678	2023-11-04	\N	123	101	2023	Final	4	Final	f	8	5
81	1037671	2023-11-04	\N	112	100	2023	Final	4	Final	f	23	24
2	1037593	2023-10-24	\N	119	107	2023	Final	4	Final	f	8	14
3	1037602	2023-10-25	\N	104	124	2023	Final	4	Final	f	5	21
102	1037699	2023-11-08	\N	100	93	2023	Final	4	Final	f	3	13
147	3277434	2023-11-14	\N	134	107	2023	Final	4	Final	f	14	15
154	1037755	2023-11-15	\N	133	115	2023	Final	4	Final	f	24	18
149	3277429	2023-11-14	\N	123	87	2023	Final	4	Final	f	21	27
84	1037683	2023-11-05	\N	100	112	2023	Final	4	Final	f	25	15
85	1037680	2023-11-05	\N	116	123	2023	Final	5	Final	f	27	28
86	1037682	2023-11-05	\N	124	118	2023	Final	4	Final	f	7	4
87	1037690	2023-11-06	\N	111	97	2023	Final	4	Final	f	20	13
88	1037695	2023-11-06	\N	134	116	2023	Final	4	Final	f	8	19
89	1037684	2023-11-06	\N	109	120	2023	Final	4	Final	f	9	10
90	1037691	2023-11-06	\N	130	113	2023	Final	4	Final	f	5	29
91	1037689	2023-11-06	\N	108	107	2023	Final	4	Final	f	16	14
92	1037686	2023-11-06	\N	102	117	2023	Final	4	Final	f	22	7
93	1037693	2023-11-06	\N	114	109	2023	Final	5	Final	f	18	2
94	1037685	2023-11-06	\N	152	111	2023	Final	4	Final	f	12	27
95	1037687	2023-11-06	\N	146	128	2023	Final	4	Final	f	23	30
96	1037692	2023-11-06	\N	122	97	2023	Final	4	Final	f	11	26
97	1037694	2023-11-06	\N	126	117	2023	Final	4	Final	f	21	1
98	1037688	2023-11-06	\N	125	129	2023	Final	4	Final	f	3	17
105	1037702	2023-11-08	\N	128	94	2023	Final	4	Final	f	11	14
106	1037701	2023-11-08	\N	115	116	2023	Final	5	Final	f	5	24
107	1037706	2023-11-08	\N	128	120	2023	Final	4	Final	f	21	6
103	1037708	2023-11-08	\N	108	105	2023	Final	4	Final	f	8	10
104	1037700	2023-11-08	\N	126	105	2023	Final	4	Final	f	20	27
99	1037703	2023-11-08	\N	102	108	2023	Final	4	Final	f	15	16
100	1037704	2023-11-08	\N	120	118	2023	Final	4	Final	f	17	9
101	1037696	2023-11-08	\N	116	132	2023	Final	4	Final	f	4	30
108	1037698	2023-11-08	\N	106	103	2023	Final	4	Final	f	23	2
109	1037697	2023-11-08	\N	134	118	2023	Final	4	Final	f	12	29
110	1037709	2023-11-08	\N	121	118	2023	Final	5	Final	f	26	25
111	1037707	2023-11-08	\N	116	127	2023	Final	4	Final	f	7	28
112	1037705	2023-11-08	\N	122	101	2023	Final	4	Final	f	18	19
113	1037710	2023-11-09	\N	126	124	2023	Final	4	Final	f	12	17
114	1037711	2023-11-09	\N	119	120	2023	Final	4	Final	f	22	1
115	3277400	2023-11-10	\N	104	101	2023	Final	4	Final	f	11	19
116	3277397	2023-11-10	\N	106	114	2023	Final	4	Final	f	9	23
117	3277402	2023-11-10	\N	110	117	2023	Final	4	Final	f	27	18
118	3277403	2023-11-10	\N	144	126	2023	Final	4	Final	f	7	13
119	3277401	2023-11-10	\N	121	127	2023	Final	4	Final	f	15	29
120	3277398	2023-11-10	\N	117	124	2023	Final	4	Final	f	30	4
121	3277404	2023-11-10	\N	119	122	2023	Final	4	Final	f	24	14
122	3277405	2023-11-10	\N	105	98	2023	Final	4	Final	f	26	21
123	3277399	2023-11-10	\N	121	107	2023	Final	4	Final	f	2	3
124	1037722	2023-11-11	\N	117	94	2023	Final	4	Final	f	2	28
125	1037721	2023-11-11	\N	112	97	2023	Final	4	Final	f	22	17
126	1037724	2023-11-11	\N	110	118	2023	Final	4	Final	f	10	6
127	1037723	2023-11-11	\N	109	117	2023	Final	4	Final	f	1	16
128	1037731	2023-11-12	\N	124	136	2023	Final	4	Final	f	19	7
129	1037735	2023-11-12	\N	116	110	2023	Final	4	Final	f	14	25
130	1037726	2023-11-12	\N	102	94	2023	Final	4	Final	f	3	30
131	1037729	2023-11-12	\N	119	108	2023	Final	4	Final	f	5	9
132	1037725	2023-11-12	\N	129	107	2023	Final	4	Final	f	20	4
133	1037734	2023-11-12	\N	110	116	2023	Final	4	Final	f	10	18
134	1037733	2023-11-12	\N	99	111	2023	Final	4	Final	f	24	21
135	1037730	2023-11-12	\N	107	104	2023	Final	4	Final	f	11	8
136	1037728	2023-11-12	\N	137	126	2023	Final	4	Final	f	23	12
137	1037732	2023-11-12	\N	113	118	2023	Final	4	Final	f	27	16
138	1037727	2023-11-12	\N	101	105	2023	Final	4	Final	f	13	15
139	1037737	2023-11-13	\N	111	107	2023	Final	4	Final	f	28	30
140	1037739	2023-11-13	\N	132	120	2023	Final	4	Final	f	26	6
141	1037738	2023-11-13	\N	118	109	2023	Final	4	Final	f	17	5
142	1037736	2023-11-13	\N	114	98	2023	Final	4	Final	f	2	20
143	3277425	2023-11-14	\N	105	111	2023	Final	4	Final	f	4	16
150	3277427	2023-11-14	\N	126	132	2023	Final	4	Final	f	23	12
145	3277426	2023-11-14	\N	120	126	2023	Final	4	Final	f	9	1
152	1037757	2023-11-15	\N	95	109	2023	Final	4	Final	f	25	6
144	3277430	2023-11-14	\N	131	110	2023	Final	4	Final	f	19	7
151	3277428	2023-11-14	\N	124	104	2023	Final	4	Final	f	3	22
146	3277433	2023-11-14	\N	101	104	2023	Final	4	Final	f	10	18
153	1037756	2023-11-15	\N	110	125	2023	Final	4	Final	f	14	26
148	3277431	2023-11-14	\N	115	99	2023	Final	4	Final	f	29	25
155	1037751	2023-11-15	\N	114	116	2023	Final	4	Final	f	1	20
156	1037754	2023-11-15	\N	94	96	2023	Final	4	Final	f	5	22
157	1037752	2023-11-15	\N	107	117	2023	Final	4	Final	f	23	2
158	1037753	2023-11-15	\N	112	128	2023	Final	4	Final	f	28	17
82	1037681	2023-11-05	\N	115	104	2023	Final	4	Final	f	6	10
83	1037679	2023-11-05	\N	106	120	2023	Final	4	Final	f	9	24
221	3277501	2023-11-24	\N	121	108	2023	Final	4	Final	f	28	5
216	3277502	2023-11-24	\N	136	113	2023	Final	4	Final	f	12	9
215	3277500	2023-11-24	\N	100	98	2023	Final	4	Final	f	20	16
217	3277506	2023-11-24	\N	118	112	2023	Final	4	Final	f	10	27
218	3277503	2023-11-24	\N	105	86	2023	Final	4	Final	f	11	8
161	1037758	2023-11-16	\N	122	115	2023	Final	4	Final	f	16	3
162	3277448	2023-11-17	\N	108	100	2023	Final	4	Final	f	6	9
163	3277453	2023-11-17	\N	128	131	2023	Final	4	Final	f	29	24
164	3277447	2023-11-17	\N	116	126	2023	Final	4	Final	f	1	23
165	3277455	2023-11-17	\N	106	100	2023	Final	4	Final	f	13	11
166	3277454	2023-11-17	\N	95	107	2023	Final	4	Final	f	25	14
167	3277445	2023-11-17	\N	99	130	2023	Final	4	Final	f	4	17
168	3277446	2023-11-17	\N	99	120	2023	Final	4	Final	f	30	20
169	3277450	2023-11-17	\N	120	129	2023	Final	4	Final	f	27	26
170	3277449	2023-11-17	\N	105	108	2023	Final	4	Final	f	28	2
171	3277452	2023-11-17	\N	115	110	2023	Final	4	Final	f	19	8
172	3277451	2023-11-17	\N	97	103	2023	Final	4	Final	f	5	22
173	1037771	2023-11-18	\N	108	122	2023	Final	4	Final	f	4	20
174	1037773	2023-11-18	\N	102	97	2023	Final	4	Final	f	5	16
175	1037774	2023-11-18	\N	132	125	2023	Final	4	Final	f	17	7
176	1037775	2023-11-18	\N	108	120	2023	Final	4	Final	f	27	15
177	1037772	2023-11-18	\N	120	121	2023	Final	4	Final	f	19	18
178	1037776	2023-11-18	\N	123	130	2023	Final	5	Final	f	10	21
179	1037779	2023-11-19	\N	121	109	2023	Final	4	Final	f	6	8
180	1037783	2023-11-19	\N	137	140	2023	Final	6	Final	f	29	24
181	1037780	2023-11-19	\N	142	113	2023	Final	4	Final	f	28	9
182	1037785	2023-11-19	\N	105	104	2023	Final	4	Final	f	14	11
183	1037784	2023-11-19	\N	91	134	2023	Final	4	Final	f	25	21
184	1037777	2023-11-19	\N	99	121	2023	Final	4	Final	f	3	23
185	1037778	2023-11-19	\N	116	128	2023	Final	4	Final	f	12	22
186	1037781	2023-11-19	\N	113	129	2023	Final	4	Final	f	7	26
187	1037782	2023-11-19	\N	100	102	2023	Final	4	Final	f	15	2
188	1037793	2023-11-20	\N	121	116	2023	Final	4	Final	f	10	11
189	1037786	2023-11-20	\N	121	118	2023	Final	5	Final	f	4	2
190	1037788	2023-11-20	\N	129	142	2023	Final	4	Final	f	30	17
191	1037787	2023-11-20	\N	103	107	2023	Final	4	Final	f	9	8
192	1037792	2023-11-20	\N	99	124	2023	Final	4	Final	f	27	13
193	1037789	2023-11-20	\N	100	118	2023	Final	4	Final	f	5	16
194	1037790	2023-11-20	\N	117	100	2023	Final	4	Final	f	18	20
195	1037791	2023-11-20	\N	129	93	2023	Final	4	Final	f	19	26
196	3277483	2023-11-21	\N	131	99	2023	Final	4	Final	f	14	29
197	3277481	2023-11-21	\N	119	122	2023	Final	5	Final	f	23	6
198	1037806	2023-11-22	\N	112	99	2023	Final	4	Final	f	18	23
199	1037811	2023-11-22	\N	121	105	2023	Final	4	Final	f	25	29
200	1037812	2023-11-22	\N	101	104	2023	Final	4	Final	f	14	7
201	1037809	2023-11-22	\N	102	109	2023	Final	4	Final	f	27	13
202	1037805	2023-11-22	\N	111	91	2023	Final	4	Final	f	11	15
203	1037808	2023-11-22	\N	116	102	2023	Final	4	Final	f	21	5
204	1037804	2023-11-22	\N	131	132	2023	Final	4	Final	f	12	28
205	1037800	2023-11-22	\N	124	119	2023	Final	4	Final	f	22	8
206	1037807	2023-11-22	\N	117	112	2023	Final	4	Final	f	19	26
207	1037802	2023-11-22	\N	119	116	2023	Final	4	Final	f	2	17
208	1037810	2023-11-22	\N	123	115	2023	Final	4	Final	f	24	10
209	1037803	2023-11-22	\N	96	129	2023	Final	4	Final	f	6	16
210	1037799	2023-11-22	\N	117	114	2023	Final	4	Final	f	4	30
211	1037801	2023-11-22	\N	147	145	2023	Final	5	Final	f	1	3
212	3277499	2023-11-24	\N	89	110	2023	Final	4	Final	f	15	24
222	1037824	2023-11-25	\N	112	97	2023	Final	4	Final	f	3	16
223	1037827	2023-11-25	\N	105	100	2023	Final	4	Final	f	29	19
224	1037825	2023-11-25	\N	108	136	2023	Final	4	Final	f	30	1
213	3277505	2023-11-24	\N	111	124	2023	Final	4	Final	f	18	26
214	3277507	2023-11-24	\N	106	116	2023	Final	4	Final	f	13	19
219	3277504	2023-11-24	\N	131	128	2023	Final	4	Final	f	17	30
220	3277498	2023-11-24	\N	113	96	2023	Final	4	Final	f	22	2
225	1037823	2023-11-25	\N	123	127	2023	Final	4	Final	f	21	23
226	1037828	2023-11-25	\N	107	88	2023	Final	4	Final	f	13	7
227	1037826	2023-11-25	\N	115	121	2023	Final	4	Final	f	6	14
228	1037830	2023-11-26	\N	113	103	2023	Final	4	Final	f	2	1
229	1037829	2023-11-26	\N	108	102	2023	Final	4	Final	f	17	25
230	1037836	2023-11-26	\N	132	120	2023	Final	4	Final	f	8	27
231	1037833	2023-11-26	\N	97	119	2023	Final	4	Final	f	15	18
232	1037832	2023-11-26	\N	130	117	2023	Final	4	Final	f	22	4
233	1037831	2023-11-26	\N	113	116	2023	Final	4	Final	f	20	24
234	1037835	2023-11-26	\N	105	102	2023	Final	4	Final	f	6	28
159	1037750	2023-11-15	\N	117	130	2023	Final	4	Final	f	30	7
160	1037759	2023-11-16	\N	109	128	2023	Final	4	Final	f	10	21
295	7996365	2023-12-08	\N	106	114	2023	Final	4	Final	f	24	26
288	7049319	2023-12-06	\N	111	100	2023	Final	4	Final	f	5	4
311	1037887	2023-12-11	\N	146	101	2023	Final	4	Final	f	23	30
237	1037837	2023-11-27	\N	107	126	2023	Final	4	Final	f	9	30
238	1037838	2023-11-27	\N	110	114	2023	Final	4	Final	f	12	25
239	1037840	2023-11-27	\N	114	112	2023	Final	4	Final	f	29	19
240	1037839	2023-11-27	\N	138	94	2023	Final	4	Final	f	23	14
241	3277532	2023-11-28	\N	106	103	2023	Final	4	Final	f	18	21
242	3277534	2023-11-28	\N	124	123	2023	Final	4	Final	f	26	10
243	3277529	2023-11-28	\N	128	105	2023	Final	4	Final	f	6	1
244	3277528	2023-11-28	\N	115	103	2023	Final	4	Final	f	3	28
245	1037851	2023-11-29	\N	139	120	2023	Final	4	Final	f	22	30
246	1037850	2023-11-29	\N	107	133	2023	Final	4	Final	f	9	14
247	1037852	2023-11-29	\N	112	105	2023	Final	4	Final	f	28	24
248	1037855	2023-11-29	\N	134	124	2023	Final	4	Final	f	8	11
249	1037856	2023-11-29	\N	117	131	2023	Final	4	Final	f	26	13
250	1037853	2023-11-29	\N	105	91	2023	Final	4	Final	f	15	29
251	1037854	2023-11-29	\N	124	114	2023	Final	4	Final	f	19	23
252	1037858	2023-11-30	\N	128	129	2023	Final	4	Final	f	3	4
253	1037864	2023-11-30	\N	135	137	2023	Final	4	Final	f	27	1
254	1037857	2023-11-30	\N	95	103	2023	Final	4	Final	f	6	25
255	1037865	2023-11-30	\N	120	114	2023	Final	4	Final	f	10	13
256	1037862	2023-11-30	\N	101	90	2023	Final	4	Final	f	18	29
257	1037859	2023-11-30	\N	142	132	2023	Final	4	Final	f	16	12
258	1037860	2023-11-30	\N	118	112	2023	Final	4	Final	f	20	9
259	1037863	2023-11-30	\N	133	110	2023	Final	4	Final	f	21	14
260	1037861	2023-11-30	\N	120	113	2023	Final	5	Final	f	5	17
261	1037867	2023-12-01	\N	125	119	2023	Final	4	Final	f	2	23
262	1037869	2023-12-01	\N	94	108	2023	Final	4	Final	f	7	15
263	1037866	2023-12-01	\N	130	125	2023	Final	4	Final	f	22	30
264	1037870	2023-12-01	\N	121	106	2023	Final	4	Final	f	19	27
265	1037868	2023-12-01	\N	106	119	2023	Final	4	Final	f	28	20
266	1037871	2023-12-01	\N	111	119	2023	Final	4	Final	f	24	8
267	1037874	2023-12-02	\N	129	101	2023	Final	4	Final	f	3	22
268	1037879	2023-12-02	\N	120	126	2023	Final	4	Final	f	7	21
269	1037875	2023-12-02	\N	101	110	2023	Final	4	Final	f	9	6
270	1037873	2023-12-02	\N	117	123	2023	Final	4	Final	f	4	18
271	1037880	2023-12-02	\N	116	109	2023	Final	4	Final	f	24	15
272	1037872	2023-12-02	\N	113	112	2023	Final	4	Final	f	13	10
273	1037882	2023-12-02	\N	123	117	2023	Final	4	Final	f	26	8
274	1037878	2023-12-02	\N	132	121	2023	Final	4	Final	f	17	1
276	1037876	2023-12-02	\N	129	144	2023	Final	4	Final	f	16	12
277	1037881	2023-12-02	\N	118	113	2023	Final	5	Final	f	29	25
278	1037883	2023-12-02	\N	107	97	2023	Final	4	Final	f	14	11
279	7045522	2023-12-04	\N	117	127	2023	Final	4	Final	f	26	19
280	7045521	2023-12-04	\N	122	112	2023	Final	4	Final	f	12	2
281	7045524	2023-12-05	\N	106	103	2023	Final	4	Final	f	14	24
282	7045523	2023-12-05	\N	146	122	2023	Final	4	Final	f	17	20
283	7049313	2023-12-06	\N	121	111	2023	Final	4	Final	f	6	22
285	7049316	2023-12-06	\N	126	131	2023	Final	4	Final	f	30	23
286	7049320	2023-12-06	\N	110	101	2023	Final	4	Final	f	11	21
287	7049315	2023-12-06	\N	103	112	2023	Final	4	Final	f	28	16
289	7049314	2023-12-06	\N	102	116	2023	Final	4	Final	f	9	15
290	7049318	2023-12-06	\N	102	94	2023	Final	4	Final	f	18	27
291	7049322	2023-12-06	\N	110	106	2023	Final	4	Final	f	10	25
292	7049323	2023-12-06	\N	111	102	2023	Final	4	Final	f	13	8
284	7049317	2023-12-06	\N	113	114	2023	Final	4	Final	f	1	3
293	7996352	2023-12-07	\N	133	89	2023	Final	4	Final	f	14	19
294	7981414	2023-12-07	\N	119	128	2023	Final	4	Final	f	17	12
296	7050282	2023-12-08	\N	119	116	2023	Final	4	Final	f	4	28
297	7050285	2023-12-08	\N	124	97	2023	Final	4	Final	f	3	30
298	7050287	2023-12-08	\N	103	127	2023	Final	4	Final	f	15	18
299	7981426	2023-12-08	\N	133	123	2023	Final	4	Final	f	2	20
300	7050288	2023-12-08	\N	138	136	2023	Final	5	Final	f	21	10
301	7050286	2023-12-08	\N	99	111	2023	Final	4	Final	f	16	6
303	7050292	2023-12-08	\N	112	125	2023	Final	4	Final	f	25	7
304	7050283	2023-12-08	\N	123	91	2023	Final	4	Final	f	22	9
305	7050289	2023-12-08	\N	112	121	2023	Final	4	Final	f	27	5
306	7050284	2023-12-08	\N	125	114	2023	Final	4	Final	f	23	1
307	7050291	2023-12-08	\N	103	117	2023	Final	4	Final	f	29	13
308	8258317	2023-12-09	\N	123	109	2023	Final	4	Final	f	14	12
309	1037895	2023-12-11	\N	131	118	2023	Final	4	Final	f	26	3
310	1037885	2023-12-11	\N	123	131	2023	Final	4	Final	f	9	12
235	1037834	2023-11-26	\N	118	109	2023	Final	4	Final	f	3	5
236	1037841	2023-11-27	\N	104	113	2023	Final	4	Final	f	13	8
312	1037891	2023-12-11	\N	113	120	2023	Final	4	Final	f	15	7
313	1037886	2023-12-11	\N	104	94	2023	Final	4	Final	f	22	6
390	1037979	2023-12-22	\N	120	105	2023	Final	4	Final	f	26	24
316	1037894	2023-12-11	\N	134	120	2023	Final	4	Final	f	21	29
317	1037901	2023-12-12	\N	119	99	2023	Final	4	Final	f	13	26
318	1037899	2023-12-12	\N	106	114	2023	Final	4	Final	f	5	8
319	1037898	2023-12-12	\N	127	125	2023	Final	4	Final	f	7	14
320	1037900	2023-12-12	\N	119	116	2023	Final	4	Final	f	24	10
321	1037897	2023-12-12	\N	120	113	2023	Final	4	Final	f	2	6
322	1037910	2023-12-13	\N	117	113	2023	Final	4	Final	f	29	20
323	1037903	2023-12-13	\N	122	142	2023	Final	4	Final	f	30	19
324	1037904	2023-12-13	\N	115	104	2023	Final	4	Final	f	16	4
325	1037908	2023-12-13	\N	119	122	2023	Final	4	Final	f	27	14
326	1037905	2023-12-13	\N	135	128	2023	Final	4	Final	f	28	1
327	1037909	2023-12-13	\N	112	116	2023	Final	4	Final	f	24	3
328	1037902	2023-12-13	\N	111	129	2023	Final	4	Final	f	9	23
329	1037907	2023-12-13	\N	140	126	2023	Final	4	Final	f	17	12
330	1037906	2023-12-13	\N	117	104	2023	Final	4	Final	f	11	15
332	1037914	2023-12-14	\N	124	101	2023	Final	4	Final	f	8	3
333	1037913	2023-12-14	\N	101	119	2023	Final	4	Final	f	7	18
334	1037911	2023-12-14	\N	116	107	2023	Final	4	Final	f	2	6
335	1037916	2023-12-14	\N	128	123	2023	Final	4	Final	f	26	21
336	1037915	2023-12-14	\N	114	122	2023	Final	4	Final	f	25	29
337	1037912	2023-12-14	\N	116	124	2023	Final	4	Final	f	16	5
338	1037918	2023-12-15	\N	107	112	2023	Final	4	Final	f	4	19
339	1037920	2023-12-15	\N	137	123	2023	Final	4	Final	f	30	12
340	1037925	2023-12-15	\N	122	139	2023	Final	4	Final	f	24	20
341	1037919	2023-12-15	\N	124	92	2023	Final	4	Final	f	23	9
342	1037926	2023-12-16	\N	146	114	2023	Final	4	Final	f	17	9
343	1037931	2023-12-16	\N	124	120	2023	Final	4	Final	f	10	3
344	1037930	2023-12-16	\N	127	109	2023	Final	4	Final	f	18	12
345	1037927	2023-12-16	\N	82	135	2023	Final	4	Final	f	4	23
346	1037935	2023-12-16	\N	144	122	2023	Final	4	Final	f	13	20
347	1037932	2023-12-16	\N	117	118	2023	Final	4	Final	f	8	21
348	1037928	2023-12-16	\N	127	119	2023	Final	4	Final	f	6	1
349	1037933	2023-12-16	\N	120	131	2023	Final	4	Final	f	25	7
350	1037929	2023-12-16	\N	118	116	2023	Final	4	Final	f	16	5
351	1037934	2023-12-16	\N	125	104	2023	Final	4	Final	f	26	29
352	1037937	2023-12-17	\N	110	146	2023	Final	4	Final	f	27	19
353	1037939	2023-12-17	\N	112	108	2023	Final	4	Final	f	24	30
354	1037936	2023-12-17	\N	114	97	2023	Final	4	Final	f	2	22
355	1037940	2023-12-17	\N	114	118	2023	Final	4	Final	f	25	10
357	1037943	2023-12-18	\N	104	108	2023	Final	4	Final	f	23	5
358	1037942	2023-12-18	\N	127	151	2023	Final	4	Final	f	12	13
359	1037949	2023-12-18	\N	125	108	2023	Final	4	Final	f	29	3
360	1037948	2023-12-18	\N	130	104	2023	Final	4	Final	f	8	7
361	1037950	2023-12-18	\N	143	131	2023	Final	4	Final	f	26	30
362	1037951	2023-12-18	\N	109	114	2023	Final	4	Final	f	14	20
363	1037941	2023-12-18	\N	135	130	2023	Final	5	Final	f	6	11
364	1037952	2023-12-19	\N	113	115	2023	Final	4	Final	f	19	15
365	1037953	2023-12-19	\N	132	119	2023	Final	4	Final	f	17	27
366	1037954	2023-12-19	\N	132	126	2023	Final	5	Final	f	10	2
367	1037955	2023-12-19	\N	109	104	2023	Final	4	Final	f	25	24
368	1037963	2023-12-20	\N	127	134	2023	Final	4	Final	f	11	1
369	1037960	2023-12-20	\N	102	121	2023	Final	4	Final	f	3	20
370	1037958	2023-12-20	\N	106	115	2023	Final	4	Final	f	22	16
371	1037962	2023-12-20	\N	124	108	2023	Final	4	Final	f	5	14
372	1037964	2023-12-20	\N	111	120	2023	Final	4	Final	f	7	13
373	1037959	2023-12-20	\N	127	113	2023	Final	4	Final	f	23	18
374	1037957	2023-12-20	\N	144	113	2023	Final	4	Final	f	12	4
375	1037956	2023-12-20	\N	124	116	2023	Final	4	Final	f	6	29
376	1037961	2023-12-20	\N	104	113	2023	Final	4	Final	f	28	8
377	1037965	2023-12-20	\N	119	144	2023	Final	4	Final	f	26	2
378	1037970	2023-12-21	\N	118	114	2023	Final	4	Final	f	17	22
379	1037972	2023-12-21	\N	118	111	2023	Final	4	Final	f	18	14
380	1037967	2023-12-21	\N	104	123	2023	Final	4	Final	f	6	19
382	1037968	2023-12-21	\N	114	95	2023	Final	4	Final	f	5	27
383	1037969	2023-12-21	\N	116	103	2023	Final	4	Final	f	15	12
384	1037966	2023-12-21	\N	111	119	2023	Final	4	Final	f	9	29
385	1037971	2023-12-21	\N	134	115	2023	Final	4	Final	f	21	13
386	1037977	2023-12-22	\N	122	96	2023	Final	4	Final	f	11	7
391	1037974	2023-12-22	\N	121	111	2023	Final	4	Final	f	23	28
392	1037986	2023-12-23	\N	126	115	2023	Final	4	Final	f	3	9
393	1037985	2023-12-23	\N	119	125	2023	Final	4	Final	f	1	15
387	1037975	2023-12-22	\N	117	122	2023	Final	4	Final	f	3	8
388	1037976	2023-12-22	\N	122	113	2023	Final	4	Final	f	16	1
389	1037978	2023-12-22	\N	129	118	2023	Final	4	Final	f	10	30
314	1037890	2023-12-11	\N	93	82	2023	Final	4	Final	f	11	27
315	1037892	2023-12-11	\N	133	129	2023	Final	5	Final	f	17	5
414	1038002	2023-12-26	\N	115	116	2023	Final	5	Final	f	19	15
436	1038027	2023-12-29	\N	93	119	2023	Final	4	Final	f	8	21
433	1038028	2023-12-29	\N	133	119	2023	Final	4	Final	f	24	4
432	1038030	2023-12-29	\N	117	106	2023	Final	4	Final	f	13	15
434	1038024	2023-12-29	\N	120	118	2023	Final	4	Final	f	2	28
431	1038022	2023-12-29	\N	110	104	2023	Final	4	Final	f	30	3
430	1038026	2023-12-29	\N	127	131	2023	Final	4	Final	f	11	23
461	1038055	2024-01-02	\N	121	115	2023	Final	4	Final	f	10	22
452	1038043	2024-01-01	\N	112	106	2023	Final	4	Final	f	20	18
453	1038045	2024-01-01	\N	136	113	2023	Final	4	Final	f	11	9
396	1037990	2023-12-23	\N	144	119	2023	Final	4	Final	f	7	27
397	1037992	2023-12-23	\N	98	110	2023	Final	4	Final	f	26	18
398	1037991	2023-12-23	\N	126	106	2023	Final	4	Final	f	10	25
399	1037983	2023-12-23	\N	110	117	2023	Final	4	Final	f	12	22
400	1037984	2023-12-23	\N	104	106	2023	Final	4	Final	f	19	11
401	1037982	2023-12-23	\N	95	102	2023	Final	4	Final	f	4	8
403	1037987	2023-12-23	\N	119	126	2023	Final	4	Final	f	28	29
404	1037981	2023-12-23	\N	108	145	2023	Final	4	Final	f	13	2
405	1037996	2023-12-25	\N	119	113	2023	Final	4	Final	f	16	23
406	1037997	2023-12-25	\N	114	128	2023	Final	4	Final	f	24	7
407	1037993	2023-12-25	\N	129	122	2023	Final	4	Final	f	20	17
408	1037994	2023-12-25	\N	120	114	2023	Final	4	Final	f	8	10
409	1037995	2023-12-25	\N	115	126	2023	Final	4	Final	f	14	2
410	1037998	2023-12-26	\N	112	118	2023	Final	4	Final	f	9	3
416	1038011	2023-12-27	\N	129	120	2023	Final	4	Final	f	21	20
417	1038007	2023-12-27	\N	92	112	2023	Final	4	Final	f	22	23
418	1038008	2023-12-27	\N	102	132	2023	Final	4	Final	f	30	28
415	1037999	2023-12-26	\N	119	127	2023	Final	4	Final	f	30	22
411	1038000	2023-12-26	\N	118	113	2023	Final	4	Final	f	5	1
412	1038005	2023-12-26	\N	130	113	2023	Final	4	Final	f	25	26
413	1038006	2023-12-26	\N	113	104	2023	Final	4	Final	f	13	4
419	1038009	2023-12-27	\N	122	144	2023	Final	4	Final	f	3	17
420	1038012	2023-12-27	\N	110	113	2023	Final	4	Final	f	7	6
421	1038010	2023-12-27	\N	113	129	2023	Final	4	Final	f	11	24
422	1038013	2023-12-28	\N	128	122	2023	Final	5	Final	f	2	9
423	1038020	2023-12-28	\N	133	112	2023	Final	4	Final	f	14	4
424	1038018	2023-12-28	\N	102	114	2023	Final	4	Final	f	10	16
425	1038019	2023-12-28	\N	105	118	2023	Final	4	Final	f	25	27
426	1038017	2023-12-28	\N	142	105	2023	Final	4	Final	f	8	15
427	1038014	2023-12-28	\N	104	120	2023	Final	4	Final	f	5	12
429	1038016	2023-12-28	\N	112	105	2023	Final	4	Final	f	19	29
439	1038025	2023-12-29	\N	111	119	2023	Final	4	Final	f	6	17
440	1038035	2023-12-30	\N	108	106	2023	Final	4	Final	f	18	14
441	1038036	2023-12-30	\N	122	132	2023	Final	4	Final	f	10	7
435	1038021	2023-12-29	\N	117	108	2023	Final	4	Final	f	22	20
437	1038023	2023-12-29	\N	110	117	2023	Final	4	Final	f	1	26
438	1038029	2023-12-29	\N	134	128	2023	Final	4	Final	f	25	27
442	1038033	2023-12-30	\N	140	126	2023	Final	4	Final	f	12	20
443	1038031	2023-12-30	\N	117	109	2023	Final	4	Final	f	29	16
444	1038032	2023-12-30	\N	129	127	2023	Final	4	Final	f	9	28
445	1038034	2023-12-30	\N	105	92	2023	Final	4	Final	f	5	23
446	1038038	2023-12-31	\N	129	109	2023	Final	4	Final	f	19	14
447	1038040	2023-12-31	\N	101	134	2023	Final	4	Final	f	27	2
448	1038039	2023-12-31	\N	124	108	2023	Final	4	Final	f	21	3
449	1038037	2023-12-31	\N	126	130	2023	Final	4	Final	f	30	1
450	1038042	2023-12-31	\N	112	107	2023	Final	4	Final	f	24	22
451	1038041	2023-12-31	\N	92	123	2023	Final	4	Final	f	15	26
457	1038049	2024-01-01	\N	127	90	2023	Final	4	Final	f	29	7
458	1038044	2024-01-01	\N	124	121	2023	Final	4	Final	f	28	6
454	1038048	2024-01-01	\N	109	88	2023	Final	4	Final	f	24	25
459	1038051	2024-01-02	\N	110	97	2023	Final	4	Final	f	23	5
460	1038052	2024-01-02	\N	106	98	2023	Final	4	Final	f	15	27
455	1038050	2024-01-01	\N	121	104	2023	Final	4	Final	f	13	16
456	1038046	2024-01-01	\N	113	122	2023	Final	4	Final	f	17	12
463	1038054	2024-01-02	\N	127	123	2023	Final	4	Final	f	21	2
464	1038056	2024-01-02	\N	104	111	2023	Final	4	Final	f	26	4
465	1038060	2024-01-03	\N	116	100	2023	Final	4	Final	f	20	5
466	1038057	2024-01-03	\N	140	101	2023	Final	4	Final	f	6	30
467	1038067	2024-01-03	\N	96	110	2023	Final	4	Final	f	14	16
468	1038062	2024-01-03	\N	111	116	2023	Final	4	Final	f	15	28
469	1038065	2024-01-03	\N	122	131	2023	Final	4	Final	f	24	13
470	1038066	2024-01-03	\N	154	148	2023	Final	5	Final	f	29	9
471	1038063	2024-01-03	\N	106	117	2023	Final	4	Final	f	18	19
472	1038068	2024-01-03	\N	138	135	2023	Final	6	Final	f	26	22
473	1038058	2024-01-03	\N	142	130	2023	Final	4	Final	f	12	17
394	1037989	2023-12-23	\N	120	129	2023	Final	4	Final	f	21	14
395	1037988	2023-12-23	\N	95	109	2023	Final	4	Final	f	5	6
526	1038119	2024-01-11	\N	111	102	2023	Final	4	Final	f	6	3
525	1038121	2024-01-11	\N	139	77	2023	Final	4	Final	f	21	25
476	1038059	2024-01-03	\N	141	138	2023	Final	4	Final	f	1	21
477	1038070	2024-01-04	\N	127	130	2023	Final	4	Final	f	10	8
478	1038069	2024-01-04	\N	121	125	2023	Final	4	Final	f	27	17
479	1038078	2024-01-05	\N	95	111	2023	Final	4	Final	f	19	13
480	1038079	2024-01-05	\N	139	103	2023	Final	4	Final	f	7	25
481	1038076	2024-01-05	\N	104	91	2023	Final	4	Final	f	5	4
482	1038073	2024-01-05	\N	124	115	2023	Final	4	Final	f	3	21
483	1038074	2024-01-05	\N	114	90	2023	Final	4	Final	f	6	30
484	1038071	2024-01-05	\N	126	97	2023	Final	4	Final	f	2	29
485	1038083	2024-01-05	\N	113	127	2023	Final	4	Final	f	14	15
486	1038084	2024-01-05	\N	135	130	2023	Final	4	Final	f	26	28
487	1038075	2024-01-05	\N	92	128	2023	Final	4	Final	f	23	20
488	1038080	2024-01-05	\N	120	122	2023	Final	4	Final	f	8	22
489	1038077	2024-01-05	\N	95	122	2023	Final	4	Final	f	11	18
490	1038081	2024-01-05	\N	113	97	2023	Final	4	Final	f	24	16
491	1038082	2024-01-05	\N	113	109	2023	Final	4	Final	f	10	9
492	1038072	2024-01-05	\N	150	116	2023	Final	4	Final	f	12	1
493	1038088	2024-01-06	\N	112	108	2023	Final	4	Final	f	11	17
494	1038086	2024-01-06	\N	105	121	2023	Final	4	Final	f	30	20
495	1038087	2024-01-06	\N	109	120	2023	Final	4	Final	f	23	29
496	1038085	2024-01-06	\N	101	118	2023	Final	4	Final	f	12	2
497	1038093	2024-01-07	\N	115	108	2023	Final	4	Final	f	7	18
498	1038089	2024-01-07	\N	117	115	2023	Final	4	Final	f	6	27
499	1038090	2024-01-07	\N	127	134	2023	Final	5	Final	f	3	25
500	1038097	2024-01-07	\N	106	103	2023	Final	4	Final	f	14	13
501	1038091	2024-01-07	\N	117	110	2023	Final	5	Final	f	22	1
502	1038092	2024-01-07	\N	100	133	2023	Final	4	Final	f	26	19
503	1038103	2024-01-08	\N	138	111	2023	Final	4	Final	f	13	24
504	1038102	2024-01-08	\N	116	132	2023	Final	4	Final	f	17	29
505	1038099	2024-01-08	\N	133	131	2023	Final	4	Final	f	12	2
506	1038100	2024-01-08	\N	128	136	2023	Final	4	Final	f	30	21
507	1038098	2024-01-08	\N	112	119	2023	Final	5	Final	f	4	5
508	1038101	2024-01-08	\N	120	113	2023	Final	4	Final	f	16	11
509	1038108	2024-01-09	\N	132	131	2023	Final	4	Final	f	14	28
510	1038105	2024-01-09	\N	92	113	2023	Final	4	Final	f	22	18
511	1038106	2024-01-09	\N	112	84	2023	Final	4	Final	f	20	25
512	1038104	2024-01-09	\N	110	131	2023	Final	4	Final	f	9	26
513	1038107	2024-01-09	\N	103	120	2023	Final	4	Final	f	7	15
514	1038111	2024-01-10	\N	108	130	2023	Final	4	Final	f	9	27
516	1038113	2024-01-10	\N	139	132	2023	Final	5	Final	f	1	23
517	1038114	2024-01-10	\N	120	128	2023	Final	4	Final	f	16	21
518	1038112	2024-01-10	\N	112	104	2023	Final	4	Final	f	12	30
519	1038117	2024-01-10	\N	105	141	2023	Final	4	Final	f	10	19
520	1038118	2024-01-10	\N	126	120	2023	Final	4	Final	f	13	28
521	1038115	2024-01-10	\N	124	119	2023	Final	5	Final	f	5	11
522	1038109	2024-01-10	\N	127	120	2023	Final	5	Final	f	2	18
523	1038116	2024-01-10	\N	124	111	2023	Final	4	Final	f	29	8
524	1038123	2024-01-11	\N	109	127	2023	Final	4	Final	f	14	24
529	1038133	2024-01-12	\N	135	99	2023	Final	4	Final	f	27	4
530	1038125	2024-01-12	\N	108	126	2023	Final	4	Final	f	1	12
531	1038127	2024-01-12	\N	99	96	2023	Final	4	Final	f	16	22
527	1038120	2024-01-11	\N	135	102	2023	Final	4	Final	f	17	2
528	1038122	2024-01-11	\N	128	124	2023	Final	4	Final	f	7	20
532	1038132	2024-01-12	\N	145	113	2023	Final	4	Final	f	29	28
533	1038131	2024-01-12	\N	125	113	2023	Final	4	Final	f	8	19
534	1038124	2024-01-12	\N	112	93	2023	Final	4	Final	f	23	26
535	1038126	2024-01-12	\N	110	112	2023	Final	4	Final	f	9	11
536	1038128	2024-01-12	\N	131	140	2023	Final	4	Final	f	5	10
537	1038130	2024-01-12	\N	116	93	2023	Final	4	Final	f	18	25
538	1038129	2024-01-12	\N	119	128	2023	Final	4	Final	f	15	13
539	1038141	2024-01-13	\N	132	125	2023	Final	4	Final	f	29	14
540	1038138	2024-01-13	\N	112	100	2023	Final	4	Final	f	21	22
541	1038137	2024-01-13	\N	129	118	2023	Final	4	Final	f	17	10
543	1038135	2024-01-13	\N	99	127	2023	Final	4	Final	f	1	30
544	1038134	2024-01-13	\N	145	113	2023	Final	4	Final	f	2	11
545	1038139	2024-01-13	\N	108	118	2023	Final	4	Final	f	7	19
546	1038140	2024-01-13	\N	116	122	2023	Final	4	Final	f	27	5
547	1038142	2024-01-14	\N	117	109	2023	Final	4	Final	f	8	12
548	1038143	2024-01-14	\N	104	87	2023	Final	4	Final	f	16	4
549	1038144	2024-01-14	\N	143	142	2023	Final	5	Final	f	17	26
550	1038146	2024-01-14	\N	116	127	2023	Final	4	Final	f	25	24
551	1038155	2024-01-15	\N	96	105	2023	Final	4	Final	f	28	2
552	1038157	2024-01-15	\N	112	105	2023	Final	4	Final	f	14	21
474	1038064	2024-01-03	\N	126	97	2023	Final	4	Final	f	7	25
475	1038061	2024-01-03	\N	112	101	2023	Final	4	Final	f	11	3
557	1038150	2024-01-15	\N	117	129	2023	Final	4	Final	f	30	9
558	1038151	2024-01-15	\N	109	99	2023	Final	4	Final	f	1	27
559	1038154	2024-01-15	\N	95	96	2023	Final	5	Final	f	3	16
566	1038165	2024-01-17	\N	109	94	2023	Final	4	Final	f	20	11
567	1038167	2024-01-17	\N	132	112	2023	Final	4	Final	f	19	4
568	1038163	2024-01-17	\N	117	98	2023	Final	4	Final	f	2	27
569	1038164	2024-01-17	\N	135	95	2023	Final	4	Final	f	6	17
570	1038161	2024-01-17	\N	117	124	2023	Final	4	Final	f	9	18
571	1038162	2024-01-17	\N	106	104	2023	Final	4	Final	f	1	22
572	1038170	2024-01-17	\N	105	103	2023	Final	4	Final	f	25	3
573	1038169	2024-01-17	\N	127	110	2023	Final	4	Final	f	14	7
574	1038174	2024-01-18	\N	118	103	2023	Final	4	Final	f	18	15
575	1038171	2024-01-18	\N	113	109	2023	Final	4	Final	f	20	30
576	1038175	2024-01-18	\N	121	126	2023	Final	4	Final	f	26	12
577	1038178	2024-01-19	\N	100	102	2023	Final	4	Final	f	2	8
578	1038177	2024-01-19	\N	109	124	2023	Final	4	Final	f	22	23
579	1038182	2024-01-19	\N	118	115	2023	Final	4	Final	f	25	12
580	1038180	2024-01-19	\N	109	123	2023	Final	4	Final	f	19	24
581	1038183	2024-01-19	\N	112	130	2023	Final	4	Final	f	14	3
582	1038176	2024-01-19	\N	124	120	2023	Final	4	Final	f	4	27
583	1038179	2024-01-19	\N	108	109	2023	Final	4	Final	f	16	1
584	1038184	2024-01-20	\N	135	141	2023	Final	4	Final	f	9	17
585	1038188	2024-01-20	\N	126	100	2023	Final	4	Final	f	20	28
586	1038190	2024-01-20	\N	127	126	2023	Final	5	Final	f	11	29
587	1038191	2024-01-20	\N	97	102	2023	Final	4	Final	f	18	21
588	1038186	2024-01-20	\N	127	131	2023	Final	4	Final	f	30	27
589	1038189	2024-01-20	\N	125	96	2023	Final	4	Final	f	5	15
590	1038187	2024-01-20	\N	95	116	2023	Final	4	Final	f	1	6
591	1038185	2024-01-20	\N	89	97	2023	Final	4	Final	f	4	23
592	1038194	2024-01-21	\N	104	113	2023	Final	4	Final	f	30	8
593	1038195	2024-01-21	\N	107	116	2023	Final	4	Final	f	11	2
594	1038197	2024-01-21	\N	134	110	2023	Final	4	Final	f	14	25
595	1038193	2024-01-21	\N	105	87	2023	Final	4	Final	f	22	16
596	1038192	2024-01-21	\N	125	114	2023	Final	4	Final	f	13	3
597	1038196	2024-01-21	\N	117	110	2023	Final	4	Final	f	24	12
602	1038204	2024-01-22	\N	115	113	2023	Final	4	Final	f	24	5
1	1037594	2023-10-24	\N	104	108	2023	Final	4	Final	f	10	24
19	1037610	2023-10-27	\N	104	108	2023	Final	4	Final	f	15	8
601	1038201	2024-01-22	\N	100	108	2023	Final	4	Final	f	28	15
603	1038210	2024-01-23	\N	127	116	2023	Final	4	Final	f	13	14
600	1038203	2024-01-22	\N	110	119	2023	Final	4	Final	f	7	2
44	1037643	2023-10-30	\N	106	103	2023	Final	4	Final	f	14	22
69	3277355	2023-11-03	\N	115	113	2023	Final	5	Final	f	25	15
275	1037877	2023-12-02	\N	124	118	2023	Final	4	Final	f	5	19
302	7050290	2023-12-08	\N	106	114	2023	Final	4	Final	f	8	11
331	1037917	2023-12-14	\N	121	113	2023	Final	4	Final	f	13	10
356	1037938	2023-12-17	\N	128	119	2023	Final	4	Final	f	17	11
381	1037973	2023-12-21	\N	117	118	2023	Final	4	Final	f	25	30
402	1037980	2023-12-23	\N	111	130	2023	Final	4	Final	f	20	17
428	1038015	2023-12-28	\N	118	110	2023	Final	4	Final	f	18	7
462	1038053	2024-01-02	\N	112	85	2023	Final	4	Final	f	19	3
515	1038110	2024-01-10	\N	98	123	2023	Final	4	Final	f	4	26
542	1038136	2024-01-13	\N	94	106	2023	Final	4	Final	f	15	20
553	1038148	2024-01-15	\N	125	120	2023	Final	4	Final	f	7	19
554	1038153	2024-01-15	\N	109	91	2023	Final	4	Final	f	6	5
555	1038147	2024-01-15	\N	124	115	2023	Final	4	Final	f	23	11
556	1038149	2024-01-15	\N	94	98	2023	Final	4	Final	f	20	22
560	1038156	2024-01-15	\N	132	105	2023	Final	4	Final	f	29	12
561	1038152	2024-01-15	\N	116	107	2023	Final	4	Final	f	15	10
562	1038158	2024-01-16	\N	126	121	2023	Final	4	Final	f	23	8
563	1038160	2024-01-16	\N	128	117	2023	Final	4	Final	f	13	21
564	1038159	2024-01-16	\N	119	117	2023	Final	4	Final	f	24	26
565	1038166	2024-01-17	\N	121	97	2023	Final	4	Final	f	28	16
598	1038198	2024-01-22	\N	113	122	2023	Final	4	Final	f	9	17
599	1038205	2024-01-22	\N	122	107	2023	Final	4	Final	f	26	1
604	1038207	2024-01-23	\N	103	108	2023	Final	4	Final	f	3	20
605	1038206	2024-01-23	\N	109	114	2023	Final	4	Final	f	12	8
606	1038208	2024-01-23	\N	153	124	2023	Final	4	Final	f	19	29
607	1038209	2024-01-23	\N	111	109	2023	Final	4	Final	f	21	25
608	1038214	2024-01-24	\N	114	140	2023	Final	4	Final	f	27	21
609	1038216	2024-01-24	\N	126	116	2023	Final	4	Final	f	17	6
610	1038212	2024-01-24	\N	107	118	2023	Final	4	Final	f	30	18
611	1038217	2024-01-24	\N	109	132	2023	Final	4	Final	f	7	24
612	1038218	2024-01-24	\N	134	112	2023	Final	4	Final	f	10	1
613	1038215	2024-01-24	\N	131	137	2023	Final	5	Final	f	11	25
614	1038213	2024-01-24	\N	96	105	2023	Final	4	Final	f	16	15
615	1038211	2024-01-24	\N	113	106	2023	Final	4	Final	f	9	4
673	1038281	2024-02-02	\N	102	110	2023	Final	4	Final	f	30	16
616	1038221	2024-01-25	\N	94	96	2023	Final	4	Final	f	3	18
617	1038225	2024-01-25	\N	141	132	2023	Final	4	Final	f	14	5
618	1038220	2024-01-25	\N	108	123	2023	Final	4	Final	f	30	29
619	1038224	2024-01-25	\N	133	134	2023	Final	4	Final	f	10	26
620	1038219	2024-01-25	\N	134	122	2023	Final	4	Final	f	12	23
621	1038223	2024-01-25	\N	122	84	2023	Final	4	Final	f	20	8
622	1038222	2024-01-25	\N	110	143	2023	Final	4	Final	f	16	2
623	1038227	2024-01-26	\N	104	138	2023	Final	4	Final	f	4	11
624	1038226	2024-01-26	\N	143	148	2023	Final	4	Final	f	1	7
625	1038232	2024-01-26	\N	83	107	2023	Final	4	Final	f	19	21
626	1038230	2024-01-26	\N	107	106	2023	Final	4	Final	f	15	22
627	1038233	2024-01-26	\N	116	100	2023	Final	4	Final	f	27	25
628	1038231	2024-01-26	\N	100	112	2023	Final	4	Final	f	17	6
629	1038241	2024-01-27	\N	113	112	2023	Final	4	Final	f	27	18
630	1038236	2024-01-27	\N	111	105	2023	Final	4	Final	f	8	23
631	1038235	2024-01-27	\N	125	109	2023	Final	4	Final	f	20	16
632	1038237	2024-01-27	\N	106	104	2023	Final	4	Final	f	3	11
634	1038234	2024-01-27	\N	104	118	2023	Final	4	Final	f	9	30
635	1038242	2024-01-27	\N	144	145	2023	Final	6	Final	f	10	14
636	1038240	2024-01-27	\N	141	117	2023	Final	4	Final	f	17	19
637	1038239	2024-01-27	\N	122	134	2023	Final	4	Final	f	4	29
638	1038243	2024-01-27	\N	115	120	2023	Final	4	Final	f	7	26
639	1038248	2024-01-28	\N	96	104	2023	Final	4	Final	f	25	5
640	1038244	2024-01-28	\N	116	110	2023	Final	4	Final	f	12	15
641	1038246	2024-01-28	\N	120	104	2023	Final	4	Final	f	9	21
642	1038247	2024-01-28	\N	113	98	2023	Final	4	Final	f	22	24
643	1038245	2024-01-28	\N	126	125	2023	Final	4	Final	f	1	28
644	1038255	2024-01-29	\N	94	103	2023	Final	4	Final	f	15	26
645	1038252	2024-01-29	\N	147	114	2023	Final	4	Final	f	3	29
646	1038260	2024-01-29	\N	130	104	2023	Final	4	Final	f	25	23
647	1038253	2024-01-29	\N	105	118	2023	Final	4	Final	f	16	24
648	1038251	2024-01-29	\N	118	112	2023	Final	4	Final	f	2	19
649	1038256	2024-01-29	\N	101	107	2023	Final	4	Final	f	21	18
650	1038257	2024-01-29	\N	113	118	2023	Final	4	Final	f	27	30
651	1038261	2024-01-30	\N	138	122	2023	Final	4	Final	f	1	14
652	1038262	2024-01-30	\N	129	124	2023	Final	4	Final	f	2	12
653	1038264	2024-01-30	\N	107	118	2023	Final	4	Final	f	5	28
654	1038263	2024-01-30	\N	118	103	2023	Final	4	Final	f	20	29
655	1038265	2024-01-30	\N	119	107	2023	Final	4	Final	f	10	23
656	1038270	2024-01-31	\N	115	106	2023	Final	4	Final	f	16	26
657	1038267	2024-01-31	\N	128	121	2023	Final	4	Final	f	6	9
659	1038275	2024-01-31	\N	119	116	2023	Final	4	Final	f	25	17
660	1038271	2024-01-31	\N	99	110	2023	Final	4	Final	f	11	19
661	1038269	2024-01-31	\N	120	136	2023	Final	4	Final	f	3	24
662	1038272	2024-01-31	\N	121	87	2023	Final	4	Final	f	18	7
663	1038266	2024-01-31	\N	110	117	2023	Final	4	Final	f	4	5
664	1038273	2024-01-31	\N	98	108	2023	Final	4	Final	f	27	22
665	1038268	2024-01-31	\N	109	125	2023	Final	4	Final	f	30	13
666	1038279	2024-02-01	\N	101	108	2023	Final	4	Final	f	15	6
667	1038277	2024-02-01	\N	109	105	2023	Final	4	Final	f	20	12
668	1038278	2024-02-01	\N	124	127	2023	Final	4	Final	f	29	23
669	1038276	2024-02-01	\N	105	114	2023	Final	4	Final	f	2	14
670	1038288	2024-02-02	\N	113	114	2023	Final	4	Final	f	27	19
671	1038285	2024-02-02	\N	101	121	2023	Final	4	Final	f	15	10
674	1038292	2024-02-03	\N	115	123	2023	Final	4	Final	f	5	26
672	1038286	2024-02-02	\N	106	108	2023	Final	4	Final	f	18	22
675	1038291	2024-02-03	\N	141	134	2023	Final	5	Final	f	1	10
676	1038290	2024-02-03	\N	121	136	2023	Final	4	Final	f	23	3
677	1038294	2024-02-03	\N	117	129	2023	Final	4	Final	f	7	17
678	1038295	2024-02-03	\N	101	117	2023	Final	4	Final	f	27	6
679	1038293	2024-02-03	\N	105	113	2023	Final	4	Final	f	20	14
680	1038297	2024-02-04	\N	112	140	2023	Final	4	Final	f	30	24
681	1038301	2024-02-04	\N	111	90	2023	Final	4	Final	f	18	11
682	1038303	2024-02-04	\N	123	108	2023	Final	4	Final	f	29	17
683	1038296	2024-02-04	\N	99	111	2023	Final	4	Final	f	9	22
685	1038298	2024-02-04	\N	131	91	2023	Final	4	Final	f	2	15
686	1038302	2024-02-04	\N	135	127	2023	Final	6	Final	f	21	28
687	1038299	2024-02-04	\N	99	115	2023	Final	4	Final	f	4	12
688	1038300	2024-02-04	\N	95	103	2023	Final	4	Final	f	16	13
689	1038309	2024-02-05	\N	98	109	2023	Final	4	Final	f	3	10
690	1038308	2024-02-05	\N	144	149	2023	Final	4	Final	f	1	13
691	1038306	2024-02-05	\N	136	110	2023	Final	4	Final	f	6	26
692	1038307	2024-02-05	\N	102	118	2023	Final	4	Final	f	23	7
693	1038310	2024-02-05	\N	138	100	2023	Final	4	Final	f	19	28
694	1038305	2024-02-05	\N	118	124	2023	Final	4	Final	f	4	14
695	1038313	2024-02-06	\N	121	95	2023	Final	4	Final	f	16	22
697	1038316	2024-02-06	\N	124	117	2023	Final	4	Final	f	29	21
746	1038380	2024-02-14	\N	122	138	2023	Final	4	Final	f	29	14
747	1038372	2024-02-14	\N	136	86	2023	Final	4	Final	f	2	3
765	1038400	2024-02-23	\N	107	112	2023	Final	4	Final	f	18	17
698	1038315	2024-02-06	\N	129	123	2023	Final	5	Final	f	5	18
696	1038317	2024-02-06	\N	114	106	2023	Final	4	Final	f	24	17
699	1038323	2024-02-07	\N	106	117	2023	Final	4	Final	f	13	19
700	1038324	2024-02-07	\N	120	133	2023	Final	4	Final	f	26	9
701	1038318	2024-02-07	\N	117	123	2023	Final	4	Final	f	4	28
702	1038319	2024-02-07	\N	104	125	2023	Final	4	Final	f	23	10
703	1038320	2024-02-07	\N	106	114	2023	Final	4	Final	f	30	6
704	1038321	2024-02-07	\N	125	117	2023	Final	4	Final	f	2	1
705	1038322	2024-02-07	\N	114	104	2023	Final	4	Final	f	16	27
706	1038325	2024-02-08	\N	109	131	2023	Final	4	Final	f	12	10
707	1038330	2024-02-08	\N	105	129	2023	Final	4	Final	f	17	18
708	1038326	2024-02-08	\N	127	111	2023	Final	4	Final	f	22	27
709	1038331	2024-02-08	\N	129	115	2023	Final	4	Final	f	24	29
710	1038329	2024-02-08	\N	110	118	2023	Final	4	Final	f	15	5
712	1038327	2024-02-08	\N	95	118	2023	Final	4	Final	f	3	6
713	1038328	2024-02-08	\N	108	122	2023	Final	4	Final	f	20	7
714	1038332	2024-02-08	\N	106	114	2023	Final	4	Final	f	14	8
715	1038335	2024-02-09	\N	133	129	2023	Final	4	Final	f	2	30
716	1038337	2024-02-09	\N	120	84	2023	Final	4	Final	f	17	4
717	1038339	2024-02-09	\N	139	122	2023	Final	4	Final	f	14	19
718	1038336	2024-02-09	\N	107	104	2023	Final	4	Final	f	28	11
719	1038334	2024-02-09	\N	121	127	2023	Final	4	Final	f	23	1
720	1038338	2024-02-09	\N	135	106	2023	Final	4	Final	f	26	8
721	1038344	2024-02-10	\N	114	108	2023	Final	5	Final	f	22	5
722	1038345	2024-02-10	\N	113	119	2023	Final	4	Final	f	30	23
723	1038350	2024-02-10	\N	84	93	2023	Final	4	Final	f	25	19
724	1038347	2024-02-10	\N	111	125	2023	Final	4	Final	f	20	12
725	1038352	2024-02-11	\N	127	113	2023	Final	4	Final	f	21	26
726	1038351	2024-02-11	\N	106	110	2023	Final	4	Final	f	16	2
727	1038356	2024-02-12	\N	99	122	2023	Final	4	Final	f	28	27
728	1038360	2024-02-12	\N	112	104	2023	Final	4	Final	f	7	30
729	1038355	2024-02-12	\N	126	136	2023	Final	4	Final	f	1	5
730	1038353	2024-02-12	\N	111	102	2023	Final	4	Final	f	4	12
731	1038361	2024-02-12	\N	107	129	2023	Final	4	Final	f	29	10
732	1038358	2024-02-12	\N	87	96	2023	Final	4	Final	f	15	19
733	1038359	2024-02-12	\N	112	95	2023	Final	4	Final	f	17	8
734	1038362	2024-02-12	\N	96	121	2023	Final	4	Final	f	13	18
735	1038357	2024-02-12	\N	105	103	2023	Final	4	Final	f	11	20
737	1038365	2024-02-13	\N	97	123	2023	Final	4	Final	f	17	16
738	1038363	2024-02-13	\N	110	118	2023	Final	4	Final	f	3	2
739	1038364	2024-02-13	\N	113	127	2023	Final	4	Final	f	22	21
740	1038368	2024-02-13	\N	125	111	2023	Final	4	Final	f	14	9
741	1038367	2024-02-13	\N	109	121	2023	Final	4	Final	f	25	18
742	1038366	2024-02-13	\N	130	125	2023	Final	4	Final	f	24	26
743	1038378	2024-02-14	\N	98	102	2023	Final	4	Final	f	8	26
749	1038383	2024-02-15	\N	91	128	2023	Final	4	Final	f	25	18
745	1038381	2024-02-14	\N	125	130	2023	Final	4	Final	f	10	13
748	1038371	2024-02-14	\N	104	109	2023	Final	4	Final	f	23	16
744	1038376	2024-02-14	\N	133	126	2023	Final	4	Final	f	19	30
750	1038382	2024-02-15	\N	113	110	2023	Final	4	Final	f	15	17
751	1038168	2024-02-15	\N	137	140	2023	Final	4	Final	f	29	10
752	1038385	2024-02-22	\N	129	115	2023	Final	4	Final	f	12	9
753	1038384	2024-02-22	\N	109	116	2023	Final	4	Final	f	6	22
754	1038388	2024-02-22	\N	123	113	2023	Final	4	Final	f	7	24
755	1038390	2024-02-22	\N	127	105	2023	Final	4	Final	f	19	11
756	1038391	2024-02-22	\N	129	107	2023	Final	4	Final	f	21	13
757	1038394	2024-02-22	\N	128	110	2023	Final	4	Final	f	10	14
758	1038395	2024-02-22	\N	127	122	2023	Final	4	Final	f	26	27
759	1038389	2024-02-22	\N	112	129	2023	Final	4	Final	f	5	2
760	1038392	2024-02-22	\N	130	110	2023	Final	4	Final	f	8	30
761	1038393	2024-02-22	\N	107	115	2023	Final	4	Final	f	29	4
762	1038387	2024-02-22	\N	121	93	2023	Final	4	Final	f	28	3
773	1038408	2024-02-24	\N	102	116	2023	Final	4	Final	f	20	2
766	1038403	2024-02-23	\N	97	84	2023	Final	4	Final	f	10	4
767	1038399	2024-02-23	\N	95	101	2023	Final	4	Final	f	15	13
768	1038404	2024-02-23	\N	112	127	2023	Final	4	Final	f	25	8
769	1038396	2024-02-23	\N	121	123	2023	Final	4	Final	f	1	28
770	1038402	2024-02-23	\N	95	106	2023	Final	4	Final	f	19	16
771	1038405	2024-02-23	\N	123	118	2023	Final	4	Final	f	14	27
772	1038401	2024-02-23	\N	147	106	2023	Final	4	Final	f	21	30
764	1038398	2024-02-23	\N	114	110	2023	Final	4	Final	f	11	24
774	1038407	2024-02-24	\N	101	86	2023	Final	4	Final	f	18	3
775	1038406	2024-02-24	\N	109	112	2023	Final	4	Final	f	9	22
633	1038238	2024-01-27	\N	96	115	2023	Final	4	Final	f	2	13
658	1038274	2024-01-31	\N	105	100	2023	Final	4	Final	f	21	8
684	1038304	2024-02-04	\N	112	103	2023	Final	4	Final	f	8	25
711	1038333	2024-02-08	\N	122	128	2023	Final	5	Final	f	25	9
736	1038354	2024-02-12	\N	121	123	2023	Final	4	Final	f	6	23
763	1038386	2024-02-22	\N	96	110	2023	Final	4	Final	f	23	20
776	1038417	2024-02-25	\N	128	109	2023	Final	4	Final	f	29	27
777	1038413	2024-02-25	\N	109	92	2023	Final	4	Final	f	1	22
778	1038409	2024-02-25	\N	98	119	2023	Final	4	Final	f	23	17
779	1038410	2024-02-25	\N	123	113	2023	Final	4	Final	f	24	14
780	1038411	2024-02-25	\N	133	111	2023	Final	4	Final	f	12	7
781	1038416	2024-02-25	\N	103	119	2023	Final	4	Final	f	10	8
782	1038415	2024-02-25	\N	106	114	2023	Final	4	Final	f	19	5
783	1038414	2024-02-25	\N	110	123	2023	Final	4	Final	f	11	21
784	1038412	2024-02-25	\N	105	114	2023	Final	4	Final	f	30	6
785	1038418	2024-02-25	\N	80	93	2023	Final	4	Final	f	25	4
786	1038419	2024-02-25	\N	107	123	2023	Final	4	Final	f	13	26
787	1038422	2024-02-26	\N	86	111	2023	Final	4	Final	f	15	3
788	1038420	2024-02-26	\N	113	111	2023	Final	4	Final	f	20	9
789	1038421	2024-02-26	\N	122	130	2023	Final	4	Final	f	12	28
790	1038423	2024-02-26	\N	110	121	2023	Final	4	Final	f	26	16
793	1038433	2024-02-27	\N	110	95	2023	Final	4	Final	f	21	11
791	1038430	2024-02-27	\N	114	105	2023	Final	4	Final	f	18	27
794	1038426	2024-02-27	\N	112	123	2023	Final	4	Final	f	30	10
795	1038424	2024-02-27	\N	121	119	2023	Final	4	Final	f	6	7
796	1038427	2024-02-27	\N	124	97	2023	Final	4	Final	f	1	29
797	1038425	2024-02-27	\N	108	81	2023	Final	4	Final	f	22	3
798	1038428	2024-02-27	\N	117	99	2023	Final	4	Final	f	2	23
799	1038429	2024-02-27	\N	92	115	2023	Final	4	Final	f	20	19
792	1038432	2024-02-27	\N	123	85	2023	Final	4	Final	f	17	4
800	1038431	2024-02-27	\N	95	105	2023	Final	4	Final	f	5	9
801	1038434	2024-02-27	\N	96	106	2023	Final	4	Final	f	25	16
802	1038439	2024-02-28	\N	114	96	2023	Final	4	Final	f	8	26
803	1038438	2024-02-28	\N	132	123	2023	Final	6	Final	f	5	6
804	1038440	2024-02-28	\N	112	116	2023	Final	4	Final	f	13	14
805	1038435	2024-02-28	\N	123	114	2023	Final	4	Final	f	12	19
806	1038436	2024-02-28	\N	125	136	2023	Final	4	Final	f	28	7
807	1038437	2024-02-28	\N	110	101	2023	Final	4	Final	f	18	15
808	1038446	2024-02-29	\N	110	105	2023	Final	4	Final	f	24	11
809	1038445	2024-02-29	\N	132	118	2023	Final	4	Final	f	27	21
810	1038444	2024-02-29	\N	99	110	2023	Final	4	Final	f	20	10
811	1038443	2024-02-29	\N	124	97	2023	Final	4	Final	f	3	1
812	1038442	2024-02-29	\N	115	107	2023	Final	4	Final	f	22	29
813	1038441	2024-02-29	\N	99	111	2023	Final	4	Final	f	4	17
814	1038448	2024-02-29	\N	134	131	2023	Final	5	Final	f	14	30
815	1038447	2024-02-29	\N	103	97	2023	Final	4	Final	f	8	16
816	1038453	2024-03-01	\N	89	122	2023	Final	4	Final	f	15	25
817	1038452	2024-03-01	\N	105	120	2023	Final	4	Final	f	28	10
818	1038457	2024-03-01	\N	140	115	2023	Final	4	Final	f	13	30
819	1038456	2024-03-01	\N	97	113	2023	Final	4	Final	f	5	17
820	1038455	2024-03-01	\N	129	102	2023	Final	4	Final	f	19	12
821	1038459	2024-03-02	\N	126	120	2023	Final	4	Final	f	16	29
822	1038461	2024-03-02	\N	114	124	2023	Final	4	Final	f	14	8
823	1038460	2024-03-02	\N	100	107	2023	Final	5	Final	f	15	25
824	1038458	2024-03-02	\N	114	102	2023	Final	4	Final	f	3	1
825	1038462	2024-03-02	\N	109	118	2023	Final	4	Final	f	24	11
826	1038469	2024-03-03	\N	117	105	2023	Final	4	Final	f	27	12
827	1038468	2024-03-03	\N	98	107	2023	Final	4	Final	f	6	20
828	1038466	2024-03-03	\N	113	91	2023	Final	4	Final	f	22	9
829	1038467	2024-03-03	\N	111	106	2023	Final	4	Final	f	28	4
830	1038464	2024-03-03	\N	140	88	2023	Final	4	Final	f	2	10
831	1038465	2024-03-03	\N	88	89	2023	Final	4	Final	f	18	13
832	1038463	2024-03-03	\N	116	120	2023	Final	4	Final	f	7	23
833	1038470	2024-03-03	\N	110	118	2023	Final	4	Final	f	24	21
834	1038474	2024-03-04	\N	127	115	2023	Final	4	Final	f	29	30
835	1038476	2024-03-04	\N	116	104	2023	Final	4	Final	f	14	21
836	1038475	2024-03-04	\N	109	113	2023	Final	4	Final	f	26	5
837	1038473	2024-03-04	\N	119	114	2023	Final	4	Final	f	18	25
838	1038472	2024-03-04	\N	113	106	2023	Final	4	Final	f	17	13
839	1038471	2024-03-04	\N	102	106	2023	Final	4	Final	f	3	15
840	1038477	2024-03-05	\N	89	101	2023	Final	4	Final	f	4	22
841	1038484	2024-03-05	\N	120	137	2023	Final	4	Final	f	7	12
842	1038485	2024-03-05	\N	107	117	2023	Final	5	Final	f	8	24
843	1038479	2024-03-05	\N	112	107	2023	Final	4	Final	f	3	23
844	1038480	2024-03-05	\N	118	110	2023	Final	4	Final	f	16	9
845	1038481	2024-03-05	\N	100	116	2023	Final	4	Final	f	20	1
846	1038482	2024-03-05	\N	98	139	2023	Final	4	Final	f	28	19
847	1038483	2024-03-05	\N	114	101	2023	Final	4	Final	f	11	27
848	1038478	2024-03-05	\N	105	104	2023	Final	4	Final	f	6	2
849	1038486	2024-03-06	\N	109	119	2023	Final	4	Final	f	30	22
850	1038493	2024-03-06	\N	120	130	2023	Final	4	Final	f	14	26
851	1038490	2024-03-06	\N	117	119	2023	Final	4	Final	f	29	5
852	1038488	2024-03-06	\N	109	115	2023	Final	4	Final	f	23	15
853	1038492	2024-03-06	\N	120	128	2023	Final	4	Final	f	25	21
854	1038489	2024-03-06	\N	116	122	2023	Final	4	Final	f	11	13
855	1038487	2024-03-06	\N	112	101	2023	Final	4	Final	f	1	6
856	1038491	2024-03-06	\N	122	90	2023	Final	4	Final	f	10	17
857	1038497	2024-03-07	\N	120	113	2023	Final	4	Final	f	24	28
858	1038494	2024-03-07	\N	118	112	2023	Final	4	Final	f	9	3
859	1038500	2024-03-07	\N	131	129	2023	Final	4	Final	f	26	27
860	1038499	2024-03-07	\N	122	125	2023	Final	4	Final	f	10	5
861	1038498	2024-03-07	\N	115	109	2023	Final	4	Final	f	8	2
862	1038496	2024-03-07	\N	114	108	2023	Final	4	Final	f	7	16
863	1038495	2024-03-07	\N	111	113	2023	Final	4	Final	f	12	18
864	1038506	2024-03-08	\N	107	100	2023	Final	4	Final	f	21	16
866	1038503	2024-03-08	\N	113	104	2023	Final	5	Final	f	6	18
867	1038501	2024-03-08	\N	95	103	2023	Final	4	Final	f	23	19
865	1038504	2024-03-08	\N	98	72	2023	Final	4	Final	f	20	22
868	1038508	2024-03-08	\N	107	123	2023	Final	4	Final	f	25	11
869	1038512	2024-03-09	\N	107	117	2023	Final	4	Final	f	24	2
870	1038511	2024-03-09	\N	124	142	2023	Final	4	Final	f	9	7
871	1038509	2024-03-09	\N	112	102	2023	Final	4	Final	f	13	5
872	1038510	2024-03-09	\N	110	99	2023	Final	4	Final	f	4	3
873	1038513	2024-03-09	\N	113	126	2023	Final	4	Final	f	10	27
874	1038514	2024-03-09	\N	142	121	2023	Final	4	Final	f	8	29
875	1038515	2024-03-09	\N	128	118	2023	Final	5	Final	f	25	28
876	1038522	2024-03-10	\N	101	120	2023	Final	4	Final	f	6	3
877	1038516	2024-03-10	\N	117	124	2023	Final	4	Final	f	13	17
878	1038521	2024-03-10	\N	104	112	2023	Final	4	Final	f	26	11
879	1038520	2024-03-10	\N	97	111	2023	Final	4	Final	f	22	12
880	1038519	2024-03-10	\N	73	79	2023	Final	4	Final	f	20	23
881	1038517	2024-03-10	\N	103	116	2023	Final	4	Final	f	1	19
882	1038518	2024-03-10	\N	108	110	2023	Final	4	Final	f	16	30
883	1038524	2024-03-10	\N	120	109	2023	Final	4	Final	f	14	18
884	1038523	2024-03-10	\N	124	93	2023	Final	4	Final	f	21	15
885	1038528	2024-03-11	\N	102	112	2023	Final	4	Final	f	27	10
886	1038525	2024-03-11	\N	114	97	2023	Final	4	Final	f	9	4
889	1038527	2024-03-11	\N	92	127	2023	Final	4	Final	f	5	7
890	1038529	2024-03-11	\N	125	119	2023	Final	4	Final	f	8	28
888	1038526	2024-03-11	\N	111	117	2023	Final	4	Final	f	6	24
887	1038530	2024-03-11	\N	99	121	2023	Final	4	Final	f	25	2
891	1038533	2024-03-12	\N	111	121	2023	Final	4	Final	f	21	12
892	1038535	2024-03-12	\N	107	123	2023	Final	4	Final	f	29	2
893	1038536	2024-03-12	\N	100	118	2023	Final	4	Final	f	13	18
894	1038537	2024-03-12	\N	129	94	2023	Final	4	Final	f	26	17
895	1038531	2024-03-12	\N	106	79	2023	Final	4	Final	f	20	23
896	1038534	2024-03-12	\N	101	103	2023	Final	4	Final	f	27	11
897	1038532	2024-03-12	\N	109	97	2023	Final	4	Final	f	15	30
898	1038540	2024-03-13	\N	129	132	2023	Final	5	Final	f	12	5
899	1038545	2024-03-13	\N	106	102	2023	Final	4	Final	f	25	1
900	1038543	2024-03-13	\N	95	116	2023	Final	4	Final	f	19	6
901	1038542	2024-03-13	\N	98	110	2023	Final	4	Final	f	15	4
902	1038539	2024-03-13	\N	114	106	2023	Final	4	Final	f	22	3
903	1038538	2024-03-13	\N	113	104	2023	Final	4	Final	f	9	28
904	1038546	2024-03-13	\N	120	107	2023	Final	4	Final	f	26	14
905	1038544	2024-03-13	\N	109	99	2023	Final	4	Final	f	7	10
906	1038541	2024-03-13	\N	88	100	2023	Final	4	Final	f	16	8
907	1038547	2024-03-14	\N	127	112	2023	Final	4	Final	f	2	24
908	1038550	2024-03-14	\N	114	105	2023	Final	4	Final	f	17	23
909	1038549	2024-03-14	\N	135	119	2023	Final	4	Final	f	11	30
910	1038548	2024-03-14	\N	111	126	2023	Final	4	Final	f	5	13
911	1038552	2024-03-14	\N	93	105	2023	Final	4	Final	f	25	20
912	1038551	2024-03-14	\N	126	119	2023	Final	4	Final	f	21	7
913	1038555	2024-03-15	\N	103	113	2023	Final	4	Final	f	28	22
914	1038554	2024-03-15	\N	95	108	2023	Final	4	Final	f	9	16
915	1038560	2024-03-16	\N	121	100	2023	Final	4	Final	f	12	3
916	1038565	2024-03-16	\N	121	128	2023	Final	4	Final	f	14	10
917	1038564	2024-03-16	\N	112	118	2023	Final	4	Final	f	15	21
918	1038567	2024-03-16	\N	91	98	2023	Final	4	Final	f	26	20
919	1038563	2024-03-16	\N	127	98	2023	Final	4	Final	f	5	30
920	1038566	2024-03-16	\N	100	119	2023	Final	4	Final	f	29	18
921	1038562	2024-03-16	\N	126	107	2023	Final	4	Final	f	19	25
922	1038561	2024-03-16	\N	109	98	2023	Final	4	Final	f	23	4
923	1038559	2024-03-16	\N	117	103	2023	Final	4	Final	f	11	6
924	1038569	2024-03-17	\N	101	104	2023	Final	4	Final	f	9	16
925	1038574	2024-03-17	\N	93	110	2023	Final	4	Final	f	13	1
926	1038570	2024-03-17	\N	107	105	2023	Final	4	Final	f	7	8
927	1038573	2024-03-17	\N	122	115	2023	Final	5	Final	f	27	3
928	1038571	2024-03-17	\N	111	96	2023	Final	4	Final	f	22	28
929	1038568	2024-03-17	\N	140	129	2023	Final	4	Final	f	17	24
930	1038572	2024-03-17	\N	104	130	2023	Final	4	Final	f	30	2
934	1038578	2024-03-18	\N	110	107	2023	Final	4	Final	f	5	25
938	1038580	2024-03-18	\N	112	119	2023	Final	4	Final	f	10	20
932	1038577	2024-03-18	\N	98	91	2023	Final	4	Final	f	23	16
937	1038582	2024-03-18	\N	136	105	2023	Final	4	Final	f	14	1
931	1038576	2024-03-18	\N	119	94	2023	Final	4	Final	f	2	9
936	1038581	2024-03-18	\N	121	111	2023	Final	5	Final	f	26	15
933	1038575	2024-03-18	\N	103	108	2023	Final	4	Final	f	12	6
935	1038579	2024-03-18	\N	104	114	2023	Final	4	Final	f	29	18
939	1038584	2024-03-19	\N	114	137	2023	Final	4	Final	f	30	11
940	1038583	2024-03-19	\N	112	92	2023	Final	4	Final	f	22	4
941	1038587	2024-03-19	\N	112	115	2023	Final	4	Final	f	18	8
942	1038586	2024-03-19	\N	107	113	2023	Final	4	Final	f	27	7
943	1038585	2024-03-19	\N	91	104	2023	Final	4	Final	f	3	19
944	1038591	2024-03-20	\N	89	123	2023	Final	4	Final	f	28	26
945	1038594	2024-03-20	\N	115	102	2023	Final	4	Final	f	24	23
946	1038593	2024-03-20	\N	137	116	2023	Final	4	Final	f	10	15
947	1038592	2024-03-20	\N	119	107	2023	Final	4	Final	f	21	29
948	1038595	2024-03-20	\N	103	116	2023	Final	4	Final	f	25	13
949	1038588	2024-03-20	\N	104	107	2023	Final	4	Final	f	6	16
950	1038589	2024-03-20	\N	103	122	2023	Final	4	Final	f	9	12
951	1038590	2024-03-20	\N	122	119	2023	Final	4	Final	f	2	17
953	1038599	2024-03-21	\N	115	108	2023	Final	4	Final	f	17	3
954	1038600	2024-03-21	\N	113	97	2023	Final	4	Final	f	7	29
957	1038598	2024-03-21	\N	127	117	2023	Final	4	Final	f	11	5
952	1038597	2024-03-21	\N	109	102	2023	Final	4	Final	f	30	26
958	1038596	2024-03-21	\N	121	106	2023	Final	4	Final	f	22	19
956	1038602	2024-03-21	\N	128	115	2023	Final	4	Final	f	24	1
955	1038601	2024-03-21	\N	113	100	2023	Final	4	Final	f	8	20
959	1038610	2024-03-22	\N	101	94	2023	Final	4	Final	f	14	23
960	1038605	2024-03-22	\N	88	111	2023	Final	4	Final	f	16	19
961	1038604	2024-03-22	\N	103	123	2023	Final	4	Final	f	28	21
962	1038607	2024-03-22	\N	97	99	2023	Final	4	Final	f	27	15
963	1038609	2024-03-22	\N	117	125	2023	Final	4	Final	f	25	13
964	1038606	2024-03-22	\N	104	91	2023	Final	4	Final	f	18	6
965	1038608	2024-03-22	\N	111	123	2023	Final	4	Final	f	10	12
966	1038603	2024-03-22	\N	102	129	2023	Final	4	Final	f	9	2
967	1038616	2024-03-23	\N	147	119	2023	Final	4	Final	f	11	29
968	1038611	2024-03-23	\N	105	93	2023	Final	4	Final	f	20	3
969	1038617	2024-03-23	\N	106	131	2023	Final	4	Final	f	27	24
970	1038618	2024-03-23	\N	111	114	2023	Final	4	Final	f	25	8
971	1038614	2024-03-23	\N	112	109	2023	Final	4	Final	f	30	28
972	1038612	2024-03-23	\N	107	109	2023	Final	4	Final	f	22	26
973	1038613	2024-03-23	\N	132	91	2023	Final	4	Final	f	1	4
974	1038615	2024-03-23	\N	113	124	2023	Final	4	Final	f	5	2
976	1038622	2024-03-24	\N	118	93	2023	Final	4	Final	f	17	21
979	1038619	2024-03-24	\N	101	114	2023	Final	4	Final	f	9	19
978	1038620	2024-03-24	\N	107	121	2023	Final	4	Final	f	13	23
977	1038621	2024-03-24	\N	121	84	2023	Final	4	Final	f	16	6
975	1038624	2024-03-24	\N	150	145	2023	Final	4	Final	f	14	12
980	1038623	2024-03-24	\N	114	110	2023	Final	4	Final	f	18	10
981	1038631	2024-03-25	\N	104	102	2023	Final	4	Final	f	27	24
982	1038630	2024-03-25	\N	110	92	2023	Final	4	Final	f	11	25
983	1038629	2024-03-25	\N	105	107	2023	Final	4	Final	f	5	30
984	1038627	2024-03-25	\N	124	99	2023	Final	4	Final	f	20	9
985	1038635	2024-03-25	\N	116	133	2023	Final	4	Final	f	13	12
986	1038634	2024-03-25	\N	108	96	2023	Final	4	Final	f	26	23
987	1038633	2024-03-25	\N	105	115	2023	Final	4	Final	f	29	7
988	1038632	2024-03-25	\N	128	103	2023	Final	4	Final	f	8	15
989	1038626	2024-03-25	\N	120	118	2023	Final	4	Final	f	1	2
990	1038625	2024-03-25	\N	115	92	2023	Final	4	Final	f	6	4
991	1038628	2024-03-25	\N	88	96	2023	Final	4	Final	f	28	3
992	1038639	2024-03-26	\N	96	132	2023	Final	4	Final	f	26	7
993	1038636	2024-03-26	\N	92	113	2023	Final	4	Final	f	16	10
994	1038637	2024-03-26	\N	124	128	2023	Final	6	Final	f	17	14
995	1038638	2024-03-26	\N	112	119	2023	Final	4	Final	f	19	21
996	1038649	2024-03-27	\N	126	132	2023	Final	5	Final	f	21	11
997	1038647	2024-03-27	\N	124	136	2023	Final	4	Final	f	15	14
998	1038644	2024-03-27	\N	107	108	2023	Final	4	Final	f	23	13
999	1038643	2024-03-27	\N	120	106	2023	Final	4	Final	f	1	25
1000	1038645	2024-03-27	\N	101	145	2023	Final	4	Final	f	28	20
1001	1038642	2024-03-27	\N	119	122	2023	Final	5	Final	f	30	3
1002	1038653	2024-03-28	\N	107	100	2023	Final	4	Final	f	19	17
1003	1038652	2024-03-28	\N	123	122	2023	Final	5	Final	f	1	2
1004	1038654	2024-03-29	\N	97	115	2023	Final	4	Final	f	4	10
1005	1038661	2024-03-29	\N	128	103	2023	Final	4	Final	f	21	24
1006	1038660	2024-03-29	\N	142	82	2023	Final	4	Final	f	16	25
1007	1038659	2024-03-29	\N	117	114	2023	Final	4	Final	f	6	23
1008	1038665	2024-03-29	\N	103	107	2023	Final	4	Final	f	26	7
1009	1038664	2024-03-29	\N	100	101	2023	Final	4	Final	f	29	11
1010	1038658	2024-03-29	\N	125	108	2023	Final	4	Final	f	3	5
1011	1038657	2024-03-29	\N	87	96	2023	Final	4	Final	f	30	9
1012	1038656	2024-03-29	\N	97	100	2023	Final	4	Final	f	22	13
1013	1038663	2024-03-29	\N	98	111	2023	Final	4	Final	f	8	18
1014	1038655	2024-03-29	\N	109	90	2023	Final	4	Final	f	12	14
1015	1038662	2024-03-29	\N	130	126	2023	Final	5	Final	f	27	20
1016	1038666	2024-03-30	\N	92	104	2023	Final	4	Final	f	19	2
1017	1038668	2024-03-30	\N	113	122	2023	Final	4	Final	f	1	17
1018	1038667	2024-03-30	\N	118	88	2023	Final	4	Final	f	22	15
1019	1038670	2024-03-31	\N	104	116	2023	Final	4	Final	f	3	14
1020	1038672	2024-03-31	\N	120	135	2023	Final	4	Final	f	28	23
1021	1038675	2024-03-31	\N	107	125	2023	Final	4	Final	f	11	7
1022	1038676	2024-03-31	\N	101	109	2023	Final	4	Final	f	18	5
1023	1038677	2024-03-31	\N	113	117	2023	Final	4	Final	f	27	10
1024	1038678	2024-03-31	\N	127	106	2023	Final	4	Final	f	26	29
1025	1038674	2024-03-31	\N	112	113	2023	Final	4	Final	f	20	21
1026	1038673	2024-03-31	\N	107	119	2023	Final	4	Final	f	30	16
1027	1038683	2024-04-01	\N	101	113	2023	Final	4	Final	f	5	1
1028	1038680	2024-04-01	\N	108	110	2023	Final	4	Final	f	9	15
1029	1038679	2024-04-01	\N	104	118	2023	Final	4	Final	f	4	2
1030	1038684	2024-04-01	\N	111	124	2023	Final	4	Final	f	19	24
1031	1038681	2024-04-01	\N	133	111	2023	Final	4	Final	f	12	3
1032	1038682	2024-04-01	\N	104	103	2023	Final	4	Final	f	22	25
1033	1038693	2024-04-02	\N	109	95	2023	Final	4	Final	f	26	13
1034	1038690	2024-04-02	\N	113	106	2023	Final	4	Final	f	18	11
1035	1038181	2024-04-02	\N	104	100	2023	Final	4	Final	f	10	7
1036	1038692	2024-04-02	\N	113	129	2023	Final	4	Final	f	29	6
1037	1038687	2024-04-02	\N	117	113	2023	Final	4	Final	f	30	17
1038	1038688	2024-04-02	\N	109	99	2023	Final	4	Final	f	16	20
1039	1038686	2024-04-02	\N	111	128	2023	Final	4	Final	f	28	14
1040	1038685	2024-04-02	\N	109	105	2023	Final	4	Final	f	23	21
1041	1038691	2024-04-02	\N	110	105	2023	Final	4	Final	f	8	27
1042	1038699	2024-04-03	\N	101	111	2023	Final	4	Final	f	17	15
1043	1038694	2024-04-03	\N	86	89	2023	Final	4	Final	f	4	25
1044	1038701	2024-04-03	\N	108	117	2023	Final	4	Final	f	19	22
1045	1038702	2024-04-03	\N	122	101	2023	Final	4	Final	f	24	6
1046	1038700	2024-04-03	\N	133	85	2023	Final	4	Final	f	18	28
1047	1038698	2024-04-03	\N	115	111	2023	Final	4	Final	f	3	12
1048	1038697	2024-04-03	\N	135	100	2023	Final	4	Final	f	2	21
1049	1038696	2024-04-03	\N	121	113	2023	Final	4	Final	f	1	9
1050	1038695	2024-04-03	\N	120	125	2023	Final	4	Final	f	30	14
1051	1038716	2024-04-04	\N	109	95	2023	Final	4	Final	f	7	1
1052	1038705	2024-04-04	\N	110	133	2023	Final	4	Final	f	11	10
1053	1038703	2024-04-04	\N	105	109	2023	Final	4	Final	f	16	23
1054	1038710	2024-04-05	\N	101	100	2023	Final	4	Final	f	2	26
1055	1038717	2024-04-05	\N	97	87	2023	Final	4	Final	f	24	18
1056	1038718	2024-04-05	\N	131	102	2023	Final	4	Final	f	13	29
1057	1038711	2024-04-05	\N	108	100	2023	Final	4	Final	f	5	20
1058	1038712	2024-04-05	\N	104	119	2023	Final	4	Final	f	11	16
1059	1038713	2024-04-05	\N	108	90	2023	Final	4	Final	f	15	9
1060	1038714	2024-04-05	\N	111	117	2023	Final	4	Final	f	17	28
1061	1038715	2024-04-05	\N	109	111	2023	Final	4	Final	f	19	27
1062	1038708	2024-04-05	\N	126	112	2023	Final	4	Final	f	12	21
1063	1038707	2024-04-05	\N	124	115	2023	Final	4	Final	f	4	22
1064	1038689	2024-04-05	\N	108	106	2023	Final	4	Final	f	7	10
1065	1038709	2024-04-05	\N	102	108	2023	Final	4	Final	f	30	25
1066	1038719	2024-04-06	\N	116	97	2023	Final	4	Final	f	14	6
1067	1038720	2024-04-06	\N	113	103	2023	Final	4	Final	f	3	9
1068	1038721	2024-04-06	\N	96	116	2023	Final	4	Final	f	15	23
1069	1038722	2024-04-06	\N	142	110	2023	Final	4	Final	f	8	1
1070	1038727	2024-04-07	\N	118	121	2023	Final	4	Final	f	4	21
1072	1038735	2024-04-07	\N	117	127	2023	Final	4	Final	f	14	18
1074	1038726	2024-04-07	\N	124	107	2023	Final	4	Final	f	2	25
1076	1038731	2024-04-07	\N	109	122	2023	Final	4	Final	f	17	20
1071	1038725	2024-04-07	\N	117	115	2023	Final	4	Final	f	12	16
1077	1038723	2024-04-07	\N	147	136	2023	Final	5	Final	f	7	11
1078	1038728	2024-04-07	\N	113	98	2023	Final	4	Final	f	22	5
1073	1038734	2024-04-07	\N	118	110	2023	Final	4	Final	f	10	29
1075	1038730	2024-04-07	\N	105	113	2023	Final	4	Final	f	24	19
1079	1038744	2024-04-09	\N	130	121	2023	Final	4	Final	f	18	30
1080	1038741	2024-04-09	\N	117	128	2023	Final	4	Final	f	5	20
1081	1038738	2024-04-09	\N	123	140	2023	Final	4	Final	f	28	12
1082	1038737	2024-04-09	\N	120	102	2023	Final	4	Final	f	23	9
1083	1038742	2024-04-09	\N	118	106	2023	Final	4	Final	f	11	22
1084	1038746	2024-04-09	\N	95	111	2023	Final	4	Final	f	29	8
1085	1038740	2024-04-09	\N	104	91	2023	Final	4	Final	f	17	2
1086	1038739	2024-04-09	\N	111	117	2023	Final	6	Final	f	1	16
1087	1038747	2024-04-09	\N	120	134	2023	Final	4	Final	f	14	10
1088	1038749	2024-04-09	\N	100	110	2023	Final	4	Final	f	25	19
1089	1038745	2024-04-09	\N	112	105	2023	Final	4	Final	f	21	26
1090	1038748	2024-04-09	\N	92	105	2023	Final	4	Final	f	24	13
1091	1038736	2024-04-09	\N	104	130	2023	Final	4	Final	f	4	7
1092	1038743	2024-04-09	\N	87	102	2023	Final	4	Final	f	15	27
1094	1038756	2024-04-10	\N	116	107	2023	Final	4	Final	f	8	18
1095	1038757	2024-04-10	\N	108	124	2023	Final	4	Final	f	13	24
1096	1038755	2024-04-10	\N	127	89	2023	Final	4	Final	f	21	27
1097	1038750	2024-04-10	\N	110	98	2023	Final	4	Final	f	6	15
1098	1038751	2024-04-10	\N	114	115	2023	Final	4	Final	f	1	4
1099	1038752	2024-04-10	\N	106	102	2023	Final	4	Final	f	3	28
1093	1038753	2024-04-10	\N	92	111	2023	Final	4	Final	f	16	7
1100	1038759	2024-04-11	\N	109	118	2023	Final	4	Final	f	2	20
1101	1038762	2024-04-11	\N	123	135	2023	Final	4	Final	f	26	19
1102	1038761	2024-04-11	\N	92	100	2023	Final	4	Final	f	25	10
1103	1038758	2024-04-11	\N	105	127	2023	Final	4	Final	f	9	5
1104	1038760	2024-04-11	\N	124	121	2023	Final	4	Final	f	29	11
1105	1038768	2024-04-12	\N	125	103	2023	Final	4	Final	f	16	28
1106	1038772	2024-04-12	\N	121	120	2023	Final	4	Final	f	27	8
1107	1038767	2024-04-12	\N	111	107	2023	Final	4	Final	f	20	3
1108	1038770	2024-04-12	\N	109	106	2023	Final	4	Final	f	18	1
1109	1038771	2024-04-12	\N	125	107	2023	Final	4	Final	f	21	17
1110	1038763	2024-04-12	\N	125	113	2023	Final	4	Final	f	23	22
1111	1038764	2024-04-12	\N	127	129	2023	Final	4	Final	f	30	5
1112	1038765	2024-04-12	\N	131	98	2023	Final	4	Final	f	2	4
1113	1038766	2024-04-12	\N	129	120	2023	Final	4	Final	f	6	12
1114	1038769	2024-04-12	\N	120	123	2023	Final	4	Final	f	15	14
1115	1038773	2024-04-12	\N	89	107	2023	Final	4	Final	f	7	9
1116	1038774	2024-04-12	\N	109	114	2023	Final	4	Final	f	10	19
1117	1038775	2024-04-12	\N	107	116	2023	Final	4	Final	f	25	11
1118	1038776	2024-04-12	\N	109	110	2023	Final	4	Final	f	13	29
1119	1038777	2024-04-12	\N	107	108	2023	Final	4	Final	f	26	24
1122	1038791	2024-04-14	\N	105	116	2023	Final	4	Final	f	13	11
1121	1038792	2024-04-14	\N	121	82	2023	Final	4	Final	f	26	25
1123	1038787	2024-04-14	\N	108	124	2023	Final	4	Final	f	19	14
1124	1038788	2024-04-14	\N	135	86	2023	Final	4	Final	f	21	7
1125	1038778	2024-04-14	\N	132	122	2023	Final	4	Final	f	2	30
1126	1038779	2024-04-14	\N	110	120	2023	Final	4	Final	f	6	4
1127	1038783	2024-04-14	\N	113	88	2023	Final	4	Final	f	22	17
1128	1038784	2024-04-14	\N	107	86	2023	Final	4	Final	f	23	3
1129	1038785	2024-04-14	\N	111	126	2023	Final	4	Final	f	15	8
1130	1038786	2024-04-14	\N	106	125	2023	Final	4	Final	f	18	24
1120	1038781	2024-04-14	\N	118	103	2023	Final	4	Final	f	16	28
1131	15881956	2024-04-16	\N	118	94	2023	Final	4	Final	f	26	10
1132	15881955	2024-04-16	\N	106	110	2023	Final	4	Final	f	19	14
1133	15881512	2024-04-17	\N	131	116	2023	Final	4	Final	f	5	1
1134	15881938	2024-04-17	\N	105	104	2023	Final	4	Final	f	23	16
1135	15883285	2024-04-19	\N	112	91	2023	Final	4	Final	f	16	5
1136	15882388	2024-04-19	\N	105	98	2023	Final	4	Final	f	19	26
1137	15882375	2024-04-20	\N	114	103	2023	Final	4	Final	t	8	14
1138	15881960	2024-04-20	\N	120	95	2023	Final	4	Final	t	18	24
1139	15881959	2024-04-20	\N	97	83	2023	Final	4	Final	t	6	22
1140	15883156	2024-04-20	\N	111	104	2023	Final	4	Final	t	20	23
1141	15881961	2024-04-21	\N	109	94	2023	Final	4	Final	t	17	12
1142	15885226	2024-04-21	\N	114	94	2023	Final	4	Final	t	2	16
1143	15885376	2024-04-21	\N	94	92	2023	Final	4	Final	t	21	19
1144	15881962	2024-04-21	\N	109	97	2023	Final	4	Final	t	13	7
1145	15882402	2024-04-22	\N	96	86	2023	Final	4	Final	t	6	22
1146	15882403	2024-04-22	\N	101	99	2023	Final	4	Final	t	8	14
1147	15882406	2024-04-23	\N	93	96	2023	Final	4	Final	t	13	7
1148	15882404	2024-04-23	\N	108	125	2023	Final	4	Final	t	17	12
1149	15882405	2024-04-23	\N	105	93	2023	Final	4	Final	t	18	24
1150	15885385	2024-04-24	\N	124	92	2023	Final	4	Final	t	21	19
1151	15885235	2024-04-24	\N	101	111	2023	Final	4	Final	t	2	16
1152	15882408	2024-04-25	\N	105	112	2023	Final	4	Final	t	14	8
1153	15883168	2024-04-25	\N	125	114	2023	Final	4	Final	t	23	20
1154	15882407	2024-04-25	\N	121	83	2023	Final	4	Final	t	22	6
1155	15882411	2024-04-26	\N	101	90	2023	Final	4	Final	t	7	13
1156	15882409	2024-04-26	\N	121	118	2023	Final	5	Final	t	12	17
1157	15882410	2024-04-26	\N	109	126	2023	Final	4	Final	t	24	18
1158	15885394	2024-04-27	\N	85	106	2023	Final	4	Final	t	19	21
1159	15885242	2024-04-27	\N	84	104	2023	Final	4	Final	t	16	2
1160	15882413	2024-04-27	\N	119	108	2023	Final	4	Final	t	14	8
1161	15882412	2024-04-27	\N	112	89	2023	Final	4	Final	t	22	6
1162	15882414	2024-04-28	\N	126	113	2023	Final	4	Final	t	12	17
1163	15882416	2024-04-28	\N	111	116	2023	Final	4	Final	t	7	13
1164	15883176	2024-04-28	\N	92	97	2023	Final	4	Final	t	23	20
1165	15882415	2024-04-28	\N	116	122	2023	Final	4	Final	t	24	18
1166	15882417	2024-04-29	\N	108	106	2023	Final	4	Final	t	8	14
1167	15885249	2024-04-29	\N	88	102	2023	Final	4	Final	t	16	2
1168	15885401	2024-04-29	\N	89	97	2023	Final	4	Final	t	19	21
1170	15882419	2024-04-30	\N	104	103	2023	Final	4	Final	t	6	22
1171	15882418	2024-04-30	\N	115	92	2023	Final	4	Final	t	17	12
1169	15883181	2024-04-30	\N	106	112	2023	Final	5	Final	t	20	23
1172	15885255	2024-05-01	\N	118	84	2023	Final	4	Final	t	2	16
1173	15882421	2024-05-01	\N	93	123	2023	Final	4	Final	t	13	7
1174	15882422	2024-05-02	\N	120	98	2023	Final	4	Final	t	12	17
1175	15883186	2024-05-02	\N	115	118	2023	Final	4	Final	t	23	20
1176	15882425	2024-05-03	\N	103	96	2023	Final	4	Final	t	22	6
1177	15882426	2024-05-03	\N	114	101	2023	Final	4	Final	t	7	13
1178	15895038	2024-05-04	\N	99	106	2023	Final	4	Final	t	8	18
1179	15882430	2024-05-05	\N	106	94	2023	Final	4	Final	t	6	22
1180	15895042	2024-05-06	\N	80	106	2023	Final	4	Final	t	8	18
1181	15896341	2024-05-06	\N	121	117	2023	Final	4	Final	t	20	12
1182	15896732	2024-05-07	\N	117	95	2023	Final	4	Final	t	21	7
1183	15897590	2024-05-07	\N	120	95	2023	Final	4	Final	t	2	6
1184	15896343	2024-05-08	\N	130	121	2023	Final	4	Final	t	20	12
1185	15896734	2024-05-09	\N	110	119	2023	Final	4	Final	t	21	7
1186	15897593	2024-05-09	\N	94	118	2023	Final	4	Final	t	2	6
1187	15895043	2024-05-10	\N	90	117	2023	Final	4	Final	t	18	8
1188	15896344	2024-05-10	\N	111	106	2023	Final	4	Final	t	12	20
1189	15897597	2024-05-11	\N	93	106	2023	Final	4	Final	t	6	2
1190	15896737	2024-05-11	\N	105	101	2023	Final	4	Final	t	7	21
1191	15896346	2024-05-12	\N	121	89	2023	Final	4	Final	t	12	20
1192	15895044	2024-05-12	\N	107	115	2023	Final	4	Final	t	18	8
1193	15897601	2024-05-13	\N	102	109	2023	Final	4	Final	t	6	2
1194	15896740	2024-05-13	\N	96	100	2023	Final	4	Final	t	7	21
1195	15895045	2024-05-14	\N	112	97	2023	Final	4	Final	t	8	18
1196	15896618	2024-05-14	\N	121	91	2023	Final	4	Final	t	20	12
1197	15896743	2024-05-15	\N	92	104	2023	Final	4	Final	t	21	7
1198	15897605	2024-05-15	\N	113	98	2023	Final	4	Final	t	2	6
1199	15895046	2024-05-16	\N	115	70	2023	Final	4	Final	t	18	8
1200	15896621	2024-05-17	\N	116	103	2023	Final	4	Final	t	12	20
1201	15896746	2024-05-18	\N	117	116	2023	Final	4	Final	t	7	21
1202	15895047	2024-05-19	\N	90	98	2023	Final	4	Final	t	8	18
1203	15896622	2024-05-19	\N	109	130	2023	Final	4	Final	t	20	12
1204	15902612	2024-05-21	\N	133	128	2023	Final	5	Final	t	2	12
1205	15902644	2024-05-22	\N	105	108	2023	Final	4	Final	t	18	7
1206	15902613	2024-05-23	\N	126	110	2023	Final	4	Final	t	2	12
1207	15902646	2024-05-24	\N	108	109	2023	Final	4	Final	t	18	7
1208	15902614	2024-05-25	\N	111	114	2023	Final	4	Final	t	12	2
1209	15902648	2024-05-26	\N	116	107	2023	Final	4	Final	t	7	18
1210	15902615	2024-05-27	\N	102	105	2023	Final	4	Final	t	12	2
1211	15902650	2024-05-28	\N	100	105	2023	Final	4	Final	t	7	18
1212	15902652	2024-05-30	\N	103	124	2023	Final	4	Final	t	18	7
1213	15905063	2024-06-06	\N	107	89	2023	Final	4	Final	t	2	7
1214	15905064	2024-06-09	\N	105	98	2023	Final	4	Final	t	2	7
1215	15905065	2024-06-12	\N	99	106	2023	Final	4	Final	t	7	2
1216	15905066	2024-06-14	\N	122	84	2023	Final	4	Final	t	7	2
1217	15905067	2024-06-17	\N	106	88	2023	Final	4	Final	t	2	7
\.


--
-- Data for Name: nba_data_player; Type: TABLE DATA; Schema: public; Owner: nba_superuser
--

COPY public.nba_data_player (id, player_id, first_name, last_name, "position", height_feet, height_inches, height_total_inches, weight_pounds, jersey_number, college, country, draft_year, draft_round, draft_number, team_id) FROM stdin;
1	1	Alex	Abrines	G	6	6	78	\N	\N	\N	\N	\N	\N	\N	21
2	2	Jaylen	Adams	G	6	0	72	\N	\N	\N	\N	\N	\N	\N	1
3	3	Steven	Adams	C	6	11	83	\N	\N	\N	\N	\N	\N	\N	11
4	4	Bam	Adebayo	C-F	6	9	81	\N	\N	\N	\N	\N	\N	\N	16
5	5	DeVaughn	Akoon-Purcell	G-F	6	5	77	\N	\N	\N	\N	\N	\N	\N	8
6	6	LaMarcus	Aldridge	F	6	11	83	\N	\N	\N	\N	\N	\N	\N	3
7	7	Rawle	Alkins	G	6	5	77	\N	\N	\N	\N	\N	\N	\N	5
8	8	Grayson	Allen	G	6	4	76	\N	\N	\N	\N	\N	\N	\N	24
9	9	Jarrett	Allen	C	6	9	81	\N	\N	\N	\N	\N	\N	\N	6
10	10	Al-Farouq	Aminu	F	6	8	80	\N	\N	\N	\N	\N	\N	\N	25
11	11	Justin	Anderson	G-F	6	5	77	\N	\N	\N	\N	\N	\N	\N	12
12	12	Kyle	Anderson	F	6	9	81	\N	\N	\N	\N	\N	\N	\N	16
13	13	Ryan	Anderson	F	6	10	82	\N	\N	\N	\N	\N	\N	\N	19
14	14	Ike	Anigbogu	C	6	10	82	\N	\N	\N	\N	\N	\N	\N	12
15	15	Giannis	Antetokounmpo	F	6	11	83	\N	\N	\N	\N	\N	\N	\N	17
16	16	Kostas	Antetokounmpo	F	6	10	82	\N	\N	\N	\N	\N	\N	\N	5
17	17	Carmelo	Anthony	F	6	7	79	\N	\N	\N	\N	\N	\N	\N	14
18	18	OG	Anunoby	F	6	7	79	\N	\N	\N	\N	\N	\N	\N	20
19	19	Ryan	Arcidiacono	G	6	3	75	\N	\N	\N	\N	\N	\N	\N	20
20	20	Trevor	Ariza	F	6	8	80	\N	\N	\N	\N	\N	\N	\N	14
21	21	D.J.	Augustin	G	5	11	71	\N	\N	\N	\N	\N	\N	\N	14
22	22	Deandre	Ayton	C	7	0	84	\N	\N	\N	\N	\N	\N	\N	25
23	23	Dwayne	Bacon	G-F	6	6	78	\N	\N	\N	\N	\N	\N	\N	14
24	24	Marvin	Bagley III	F	6	10	82	\N	\N	\N	\N	\N	\N	\N	15
25	25	Ron	Baker	G	6	4	76	\N	\N	\N	\N	\N	\N	\N	20
26	26	Wade	Baldwin IV	G	6	4	76	\N	\N	\N	\N	\N	\N	\N	15
27	27	Lonzo	Ball	G	6	6	78	\N	\N	\N	\N	\N	\N	\N	5
28	28	Mo	Bamba	C	7	0	84	\N	\N	\N	\N	\N	\N	\N	19
29	29	J.J.	Barea	G	5	10	70	\N	\N	\N	\N	\N	\N	\N	7
30	30	Harrison	Barnes	F	6	8	80	\N	\N	\N	\N	\N	\N	\N	27
31	31	Will	Barton	G	6	5	77	\N	\N	\N	\N	\N	\N	\N	28
32	32	Keita	Bates-Diop	F	6	8	80	\N	\N	\N	\N	\N	\N	\N	18
33	33	Nicolas	Batum	F-G	6	8	80	\N	\N	\N	\N	\N	\N	\N	13
34	34	Jerryd	Bayless	G	6	3	75	\N	\N	\N	\N	\N	\N	\N	17
35	35	Aron	Baynes	C-F	6	10	82	\N	\N	\N	\N	\N	\N	\N	9
36	36	Kent	Bazemore	G	6	4	76	\N	\N	\N	\N	\N	\N	\N	26
37	37	Bradley	Beal	G	6	4	76	\N	\N	\N	\N	\N	\N	\N	24
38	38	Malik	Beasley	G	6	4	76	\N	\N	\N	\N	\N	\N	\N	9
39	39	Michael	Beasley	F	6	9	81	\N	\N	\N	\N	\N	\N	\N	16
40	40	Marco	Belinelli	G-F	6	5	77	\N	\N	\N	\N	\N	\N	\N	27
41	41	Jordan	Bell	F	6	8	80	\N	\N	\N	\N	\N	\N	\N	5
42	42	DeAndre'	Bembry	F	6	5	77	\N	\N	\N	\N	\N	\N	\N	17
43	43	Dragan	Bender	F	7	1	85	\N	\N	\N	\N	\N	\N	\N	24
44	44	Davis	Bertans	F	6	10	82	\N	\N	\N	\N	\N	\N	\N	4
45	45	Patrick	Beverley	G	6	2	74	\N	\N	\N	\N	\N	\N	\N	17
46	46	Khem	Birch	C	6	8	80	\N	\N	\N	\N	\N	\N	\N	27
47	47	Jabari	Bird	G	6	6	78	\N	\N	\N	\N	\N	\N	\N	2
48	48	Bismack	Biyombo	C	6	8	80	\N	\N	\N	\N	\N	\N	\N	27
49	49	Nemanja	Bjelica	F	6	9	81	\N	\N	\N	\N	\N	\N	\N	10
50	50	Antonio	Blakeney	G	6	4	76	\N	\N	\N	\N	\N	\N	\N	5
51	51	Eric	Bledsoe	G	6	1	73	\N	\N	\N	\N	\N	\N	\N	25
52	52	Trevon	Bluiett	G-F	6	6	78	\N	\N	\N	\N	\N	\N	\N	29
53	53	Bogdan	Bogdanovic	G	6	5	77	\N	\N	\N	\N	\N	\N	\N	13
54	54	Bojan	Bogdanovic	F	6	7	79	\N	\N	\N	\N	\N	\N	\N	20
55	55	Jonah	Bolden	F	6	10	82	\N	\N	\N	\N	\N	\N	\N	23
56	56	Isaac	Bonga	G	6	8	80	\N	\N	\N	\N	\N	\N	\N	28
57	57	Devin	Booker	G	6	6	78	\N	\N	\N	\N	\N	\N	\N	24
58	58	Chris	Boucher	F	6	9	81	\N	\N	\N	\N	\N	\N	\N	28
59	59	Avery	Bradley	G	6	3	75	\N	\N	\N	\N	\N	\N	\N	14
60	60	Tony	Bradley	C	6	11	83	\N	\N	\N	\N	\N	\N	\N	12
61	61	Mikal	Bridges	F	6	6	78	\N	\N	\N	\N	\N	\N	\N	20
62	62	Miles	Bridges	F	6	7	79	\N	\N	\N	\N	\N	\N	\N	4
63	63	Isaiah	Briscoe	G	6	3	75	\N	\N	\N	\N	\N	\N	\N	22
64	64	Ryan	Broekhoff	G-F	6	6	78	\N	\N	\N	\N	\N	\N	\N	7
65	65	Malcolm	Brogdon	G	6	4	76	\N	\N	\N	\N	\N	\N	\N	30
66	66	Dillon	Brooks	G-F	6	6	78	\N	\N	\N	\N	\N	\N	\N	11
67	67	MarShon	Brooks	G	6	5	77	\N	\N	\N	\N	\N	\N	\N	3
68	68	Troy	Brown Jr.	F	6	7	79	\N	\N	\N	\N	\N	\N	\N	9
69	69	Bruce	Brown	G	6	4	76	\N	\N	\N	\N	\N	\N	\N	19
70	70	Jaylen	Brown	G	6	6	78	\N	\N	\N	\N	\N	\N	\N	2
71	71	Lorenzo	Brown	G	6	5	77	\N	\N	\N	\N	\N	\N	\N	28
72	72	Sterling	Brown	G	6	5	77	\N	\N	\N	\N	\N	\N	\N	14
73	73	Jalen	Brunson	G	6	2	74	\N	\N	\N	\N	\N	\N	\N	20
74	74	Thomas	Bryant	C	6	10	82	\N	\N	\N	\N	\N	\N	\N	12
75	75	Reggie	Bullock	G-F	6	6	78	\N	\N	\N	\N	\N	\N	\N	11
76	76	Trey	Burke	G	6	0	72	\N	\N	\N	\N	\N	\N	\N	7
77	77	Alec	Burks	G	6	5	77	\N	\N	\N	\N	\N	\N	\N	16
78	78	Deonte	Burton	G	6	4	76	\N	\N	\N	\N	\N	\N	\N	21
79	79	Jimmy	Butler	G-F	6	7	79	\N	\N	\N	\N	\N	\N	\N	10
80	80	Jose	Calderon	G	6	3	75	\N	\N	\N	\N	\N	\N	\N	28
81	81	Kentavious	Caldwell-Pope	G	6	5	77	\N	\N	\N	\N	\N	\N	\N	22
82	82	Isaiah	Canaan	G	6	0	72	\N	\N	\N	\N	\N	\N	\N	23
83	83	Clint	Capela	C	6	10	82	\N	\N	\N	\N	\N	\N	\N	1
84	84	DeMarre	Carroll	F	6	6	78	\N	\N	\N	\N	\N	\N	\N	1
85	85	Wendell	Carter Jr.	F	6	10	82	\N	\N	\N	\N	\N	\N	\N	22
86	86	Michael	Carter-Williams	G	6	5	77	\N	\N	\N	\N	\N	\N	\N	22
87	87	Jevon	Carter	G	6	1	73	\N	\N	\N	\N	\N	\N	\N	5
88	88	Vince	Carter	F-G	6	6	78	\N	\N	\N	\N	\N	\N	\N	28
89	89	Alex	Caruso	G	6	5	77	\N	\N	\N	\N	\N	\N	\N	21
90	90	Omri	Casspi	F	6	9	81	\N	\N	\N	\N	\N	\N	\N	26
91	91	Willie	Cauley-Stein	C	7	0	84	\N	\N	\N	\N	\N	\N	\N	23
92	92	Troy	Caupain	G	6	4	76	\N	\N	\N	\N	\N	\N	\N	22
93	93	Tyler	Cavanaugh	F	6	9	81	\N	\N	\N	\N	\N	\N	\N	1
94	94	Tyson	Chandler	C	7	0	84	\N	\N	\N	\N	\N	\N	\N	20
95	95	Wilson	Chandler	F	6	8	80	\N	\N	\N	\N	\N	\N	\N	8
96	96	Joe	Chealey	G	6	3	75	\N	\N	\N	\N	\N	\N	\N	4
97	97	Marquese	Chriss	F	6	9	81	\N	\N	\N	\N	\N	\N	\N	7
98	98	Gary	Clark	F	6	6	78	\N	\N	\N	\N	\N	\N	\N	19
99	99	Ian	Clark	G	6	3	75	\N	\N	\N	\N	\N	\N	\N	10
100	100	Jordan	Clarkson	G	6	3	75	\N	\N	\N	\N	\N	\N	\N	29
101	101	John	Collins	F-C	6	9	81	\N	\N	\N	\N	\N	\N	\N	29
102	102	Zach	Collins	F-C	6	11	83	\N	\N	\N	\N	\N	\N	\N	5
103	103	Darren	Collison	G	6	0	72	\N	\N	\N	\N	\N	\N	\N	14
104	104	Mike	Conley	G	6	0	72	\N	\N	\N	\N	\N	\N	\N	18
105	105	Pat	Connaughton	G	6	5	77	\N	\N	\N	\N	\N	\N	\N	17
106	106	Quinn	Cook	G	6	1	73	\N	\N	\N	\N	\N	\N	\N	26
107	107	DeMarcus	Cousins	C	6	10	82	\N	\N	\N	\N	\N	\N	\N	8
108	108	Robert	Covington	F	6	7	79	\N	\N	\N	\N	\N	\N	\N	23
109	109	Allen	Crabbe	G-F	6	6	78	\N	\N	\N	\N	\N	\N	\N	25
110	110	Torrey	Craig	F	6	5	77	\N	\N	\N	\N	\N	\N	\N	2
111	111	Jamal	Crawford	G	6	5	77	\N	\N	\N	\N	\N	\N	\N	13
112	112	Jae	Crowder	F	6	6	78	\N	\N	\N	\N	\N	\N	\N	26
113	113	Dante	Cunningham	F	6	8	80	\N	\N	\N	\N	\N	\N	\N	19
114	114	Seth	Curry	G	6	1	73	\N	\N	\N	\N	\N	\N	\N	4
115	115	Stephen	Curry	G	6	2	74	\N	\N	\N	\N	\N	\N	\N	10
116	116	Troy	Daniels	G	6	4	76	\N	\N	\N	\N	\N	\N	\N	24
117	117	Anthony	Davis	F-C	6	10	82	\N	\N	\N	\N	\N	\N	\N	7
118	118	Ed	Davis	C	6	9	81	\N	\N	\N	\N	\N	\N	\N	6
119	119	Tyler	Davis	C	6	10	82	\N	\N	\N	\N	\N	\N	\N	21
120	120	Dewayne	Dedmon	C	6	10	82	\N	\N	\N	\N	\N	\N	\N	23
121	121	Sam	Dekker	F	6	9	81	\N	\N	\N	\N	\N	\N	\N	28
122	122	Angel	Delgado	C	6	10	82	\N	\N	\N	\N	\N	\N	\N	13
123	123	Matthew	Dellavedova	G	6	3	75	\N	\N	\N	\N	\N	\N	\N	26
124	124	Luol	Deng	F	6	9	81	\N	\N	\N	\N	\N	\N	\N	5
125	125	DeMar	DeRozan	G	6	6	78	\N	\N	\N	\N	\N	\N	\N	26
126	126	Marcus	Derrickson	F	6	7	79	\N	\N	\N	\N	\N	\N	\N	10
127	127	Cheick	Diallo	F	6	8	80	\N	\N	\N	\N	\N	\N	\N	16
128	128	Hamidou	Diallo	G	6	5	77	\N	\N	\N	\N	\N	\N	\N	30
129	129	Gorgui	Dieng	C	6	10	82	\N	\N	\N	\N	\N	\N	\N	27
130	130	Spencer	Dinwiddie	G	6	5	77	\N	\N	\N	\N	\N	\N	\N	7
131	131	Donte	DiVincenzo	G	6	4	76	\N	\N	\N	\N	\N	\N	\N	18
132	132	Luka	Doncic	F-G	6	6	78	\N	\N	\N	\N	\N	\N	\N	14
133	133	Tyler	Dorsey	G	6	5	77	\N	\N	\N	\N	\N	\N	\N	7
134	134	Damyean	Dotson	G	6	5	77	\N	\N	\N	\N	\N	\N	\N	20
135	135	PJ	Dozier	G-F	6	6	78	\N	\N	\N	\N	\N	\N	\N	18
136	136	Goran	Dragic	G	6	4	76	\N	\N	\N	\N	\N	\N	\N	17
137	137	Andre	Drummond	C	6	11	83	\N	\N	\N	\N	\N	\N	\N	23
138	138	Jared	Dudley	F	6	6	78	\N	\N	\N	\N	\N	\N	\N	24
139	139	Kris	Dunn	G	6	3	75	\N	\N	\N	\N	\N	\N	\N	13
140	140	Kevin	Durant	F	6	11	83	\N	\N	\N	\N	\N	\N	\N	24
141	141	Trevon	Duval	G	6	2	74	\N	\N	\N	\N	\N	\N	\N	17
142	142	Vincent	Edwards	F	6	8	80	\N	\N	\N	\N	\N	\N	\N	11
143	143	Henry	Ellenson	F	6	11	83	\N	\N	\N	\N	\N	\N	\N	9
144	144	Wayne	Ellington	G	6	4	76	\N	\N	\N	\N	\N	\N	\N	14
145	145	Joel	Embiid	F-C	7	0	84	\N	\N	\N	\N	\N	\N	\N	23
146	146	James	Ennis III	F	6	6	78	\N	\N	\N	\N	\N	\N	\N	8
147	147	Drew	Eubanks	F	6	10	82	\N	\N	\N	\N	\N	\N	\N	13
148	148	Jacob	Evans	G	6	4	76	\N	\N	\N	\N	\N	\N	\N	10
149	149	Keenan	Evans	G	\N	\N	\N	\N	\N	\N	\N	\N	\N	\N	9
150	150	Tyreke	Evans	G	6	6	78	\N	\N	\N	\N	\N	\N	\N	26
151	151	Dante	Exum	G	6	5	77	\N	\N	\N	\N	\N	\N	\N	7
152	152	Kenneth	Faried	F-C	6	8	80	\N	\N	\N	\N	\N	\N	\N	8
153	153	Derrick	Favors	F-C	6	9	81	\N	\N	\N	\N	\N	\N	\N	11
154	154	Cristiano	Felicio	F-C	6	11	83	\N	\N	\N	\N	\N	\N	\N	5
155	155	Raymond	Felton	G	6	1	73	\N	\N	\N	\N	\N	\N	\N	4
156	156	Terrance	Ferguson	G	6	6	78	\N	\N	\N	\N	\N	\N	\N	21
157	157	Yogi	Ferrell	G	6	0	72	\N	\N	\N	\N	\N	\N	\N	26
158	158	Dorian	Finney-Smith	F	6	7	79	\N	\N	\N	\N	\N	\N	\N	14
159	159	Bryn	Forbes	G	6	2	74	\N	\N	\N	\N	\N	\N	\N	18
160	160	Evan	Fournier	G-F	6	6	78	\N	\N	\N	\N	\N	\N	\N	9
161	161	De'Aaron	Fox	G	6	3	75	\N	\N	\N	\N	\N	\N	\N	27
162	162	Melvin	Frazier Jr.	G-F	6	5	77	\N	\N	\N	\N	\N	\N	\N	21
163	163	Tim	Frazier	G	6	0	72	\N	\N	\N	\N	\N	\N	\N	6
164	164	Channing	Frye	F-C	7	0	84	\N	\N	\N	\N	\N	\N	\N	24
165	165	Markelle	Fultz	G	6	4	76	\N	\N	\N	\N	\N	\N	\N	26
166	166	Wenyen	Gabriel	F	6	9	81	\N	\N	\N	\N	\N	\N	\N	15
167	167	Danilo	Gallinari	F	6	10	82	\N	\N	\N	\N	\N	\N	\N	17
168	168	Langston	Galloway	G	6	1	73	\N	\N	\N	\N	\N	\N	\N	12
169	169	Marc	Gasol	C	6	11	83	\N	\N	\N	\N	\N	\N	\N	15
170	170	Pau	Gasol	C-F	7	0	84	\N	\N	\N	\N	\N	\N	\N	14
171	171	Rudy	Gay	F	6	8	80	\N	\N	\N	\N	\N	\N	\N	10
172	172	Paul	George	F	6	8	80	\N	\N	\N	\N	\N	\N	\N	23
173	173	Taj	Gibson	F	6	9	81	\N	\N	\N	\N	\N	\N	\N	4
174	174	Harry	Giles III	F-C	6	10	82	\N	\N	\N	\N	\N	\N	\N	26
175	175	Shai	Gilgeous-Alexander	G	6	6	78	\N	\N	\N	\N	\N	\N	\N	21
176	176	Rudy	Gobert	C	7	1	85	\N	\N	\N	\N	\N	\N	\N	18
177	177	Aaron	Gordon	F	6	8	80	\N	\N	\N	\N	\N	\N	\N	8
178	178	Eric	Gordon	G	6	3	75	\N	\N	\N	\N	\N	\N	\N	23
179	179	Marcin	Gortat	C	6	11	83	\N	\N	\N	\N	\N	\N	\N	30
180	180	Devonte'	Graham	G	6	1	73	\N	\N	\N	\N	\N	\N	\N	25
181	181	Treveon	Graham	F	6	5	77	\N	\N	\N	\N	\N	\N	\N	4
182	182	Jerami	Grant	F	6	7	79	\N	\N	\N	\N	\N	\N	\N	25
183	183	Jerian	Grant	G	6	4	76	\N	\N	\N	\N	\N	\N	\N	5
184	184	Danny	Green	G-F	6	6	78	\N	\N	\N	\N	\N	\N	\N	23
185	185	Draymond	Green	F	6	6	78	\N	\N	\N	\N	\N	\N	\N	10
186	186	Gerald	Green	G-F	6	7	79	\N	\N	\N	\N	\N	\N	\N	2
187	187	JaMychal	Green	F	6	9	81	\N	\N	\N	\N	\N	\N	\N	10
188	188	Jeff	Green	F	6	8	80	\N	\N	\N	\N	\N	\N	\N	11
189	189	Blake	Griffin	F	6	9	81	\N	\N	\N	\N	\N	\N	\N	2
190	190	Daniel	Hamilton	G-F	6	7	79	\N	\N	\N	\N	\N	\N	\N	1
191	191	Tim	Hardaway Jr.	G	6	5	77	\N	\N	\N	\N	\N	\N	\N	9
192	192	James	Harden	G	6	5	77	\N	\N	\N	\N	\N	\N	\N	13
193	193	Maurice	Harkless	F	6	7	79	\N	\N	\N	\N	\N	\N	\N	26
194	194	Montrezl	Harrell	F-C	6	7	79	\N	\N	\N	\N	\N	\N	\N	23
195	195	Devin	Harris	G	6	3	75	\N	\N	\N	\N	\N	\N	\N	7
196	196	Gary	Harris	G	6	4	76	\N	\N	\N	\N	\N	\N	\N	22
197	197	Joe	Harris	F-G	6	6	78	\N	\N	\N	\N	\N	\N	\N	9
198	198	Andrew	Harrison	G	6	6	78	\N	\N	\N	\N	\N	\N	\N	15
199	199	Shaquille	Harrison	G	6	4	76	\N	\N	\N	\N	\N	\N	\N	15
200	200	Tobias	Harris	F	6	8	80	\N	\N	\N	\N	\N	\N	\N	9
201	201	Isaiah	Hartenstein	F-C	7	0	84	\N	\N	\N	\N	\N	\N	\N	21
202	202	Josh	Hart	G	6	4	76	\N	\N	\N	\N	\N	\N	\N	20
203	203	Udonis	Haslem	F	6	7	79	\N	\N	\N	\N	\N	\N	\N	16
204	204	Gordon	Hayward	F	6	7	79	\N	\N	\N	\N	\N	\N	\N	21
205	205	John	Henson	F	6	9	81	\N	\N	\N	\N	\N	\N	\N	17
206	206	Juancho	Hernangomez	F	6	9	81	\N	\N	\N	\N	\N	\N	\N	28
207	207	Willy	Hernangomez	C	6	11	83	\N	\N	\N	\N	\N	\N	\N	19
208	208	Mario	Hezonja	F	6	8	80	\N	\N	\N	\N	\N	\N	\N	22
209	209	Isaiah	Hicks	F	6	9	81	\N	\N	\N	\N	\N	\N	\N	20
210	210	Buddy	Hield	G	6	4	76	\N	\N	\N	\N	\N	\N	\N	10
211	211	George	Hill	G	6	4	76	\N	\N	\N	\N	\N	\N	\N	12
212	212	Solomon	Hill	F	6	6	78	\N	\N	\N	\N	\N	\N	\N	1
213	213	Aaron	Holiday	G	6	0	72	\N	\N	\N	\N	\N	\N	\N	11
214	214	Jrue	Holiday	G	6	4	76	\N	\N	\N	\N	\N	\N	\N	2
215	215	Justin	Holiday	F-G	6	6	78	\N	\N	\N	\N	\N	\N	\N	8
216	216	Rondae	Hollis-Jefferson	F	6	6	78	\N	\N	\N	\N	\N	\N	\N	3
217	217	Richaun	Holmes	F-C	6	9	81	\N	\N	\N	\N	\N	\N	\N	30
218	218	Rodney	Hood	G	6	8	80	\N	\N	\N	\N	\N	\N	\N	13
219	219	Al	Horford	C-F	6	9	81	\N	\N	\N	\N	\N	\N	\N	2
220	220	Dwight	Howard	C	6	10	82	\N	\N	\N	\N	\N	\N	\N	14
221	221	Kevin	Huerter	G	6	7	79	\N	\N	\N	\N	\N	\N	\N	5
222	222	Chandler	Hutchison	F	6	6	78	\N	\N	\N	\N	\N	\N	\N	24
223	223	Serge	Ibaka	F-C	6	10	82	\N	\N	\N	\N	\N	\N	\N	17
224	224	Andre	Iguodala	G-F	6	6	78	\N	\N	\N	\N	\N	\N	\N	10
225	225	Ersan	Ilyasova	F	6	9	81	\N	\N	\N	\N	\N	\N	\N	17
226	226	Joe	Ingles	F	6	8	80	\N	\N	\N	\N	\N	\N	\N	18
227	227	Brandon	Ingram	F	6	8	80	\N	\N	\N	\N	\N	\N	\N	28
228	228	Kyrie	Irving	G	6	2	74	\N	\N	\N	\N	\N	\N	\N	7
229	229	Jonathan	Isaac	F	6	10	82	\N	\N	\N	\N	\N	\N	\N	22
230	230	Wes	Iwundu	F	6	6	78	\N	\N	\N	\N	\N	\N	\N	25
231	231	Jaren	Jackson Jr.	F-C	6	10	82	\N	\N	\N	\N	\N	\N	\N	15
232	232	Demetrius	Jackson	G	6	1	73	\N	\N	\N	\N	\N	\N	\N	11
233	233	Frank	Jackson	G	6	3	75	\N	\N	\N	\N	\N	\N	\N	29
234	234	Josh	Jackson	F	6	8	80	\N	\N	\N	\N	\N	\N	\N	28
235	235	Justin	Jackson	F	6	8	80	\N	\N	\N	\N	\N	\N	\N	18
236	236	Reggie	Jackson	G	6	2	74	\N	\N	\N	\N	\N	\N	\N	23
237	237	LeBron	James	F	6	9	81	\N	\N	\N	\N	\N	\N	\N	14
238	238	Amile	Jefferson	F	6	9	81	\N	\N	\N	\N	\N	\N	\N	22
239	239	Jonas	Jerebko	F	6	10	82	\N	\N	\N	\N	\N	\N	\N	9
240	240	Alize	Johnson	F	6	7	79	\N	\N	\N	\N	\N	\N	\N	27
241	241	Amir	Johnson	C-F	6	9	81	\N	\N	\N	\N	\N	\N	\N	28
242	242	James	Johnson	F	6	7	79	\N	\N	\N	\N	\N	\N	\N	12
243	243	Stanley	Johnson	F	6	6	78	\N	\N	\N	\N	\N	\N	\N	27
244	244	Tyler	Johnson	G	6	3	75	\N	\N	\N	\N	\N	\N	\N	27
245	245	Wesley	Johnson	F-G	6	7	79	\N	\N	\N	\N	\N	\N	\N	13
246	246	Nikola	Jokic	C	6	11	83	\N	\N	\N	\N	\N	\N	\N	8
247	247	Derrick	Jones Jr.	F-G	6	6	78	\N	\N	\N	\N	\N	\N	\N	13
248	248	Damian	Jones	C	6	10	82	\N	\N	\N	\N	\N	\N	\N	6
249	249	Tyus	Jones	G	6	1	73	\N	\N	\N	\N	\N	\N	\N	24
250	250	DeAndre	Jordan	C	6	11	83	\N	\N	\N	\N	\N	\N	\N	8
251	251	Cory	Joseph	G	6	2	74	\N	\N	\N	\N	\N	\N	\N	22
252	252	Frank	Kaminsky	F-C	7	0	84	\N	\N	\N	\N	\N	\N	\N	24
253	253	Enes	Kanter	C	6	10	82	\N	\N	\N	\N	\N	\N	\N	2
254	254	Luke	Kennard	G	6	5	77	\N	\N	\N	\N	\N	\N	\N	15
255	255	Michael	Kidd-Gilchrist	F	6	6	78	\N	\N	\N	\N	\N	\N	\N	4
256	256	George	King	F	6	6	78	\N	\N	\N	\N	\N	\N	\N	7
257	257	Maxi	Kleber	F	6	10	82	\N	\N	\N	\N	\N	\N	\N	14
258	258	Brandon	Knight	G	6	2	74	\N	\N	\N	\N	\N	\N	\N	7
259	259	Kevin	Knox	F	6	8	80	\N	\N	\N	\N	\N	\N	\N	10
260	260	Furkan	Korkmaz	G-F	6	7	79	\N	\N	\N	\N	\N	\N	\N	23
261	261	Luke	Kornet	F-C	7	1	85	\N	\N	\N	\N	\N	\N	\N	2
262	262	Kyle	Korver	G-F	6	7	79	\N	\N	\N	\N	\N	\N	\N	23
263	263	Kosta	Koufos	C	7	0	84	\N	\N	\N	\N	\N	\N	\N	26
264	264	Rodions	Kurucs	F	6	9	81	\N	\N	\N	\N	\N	\N	\N	3
265	265	Kyle	Kuzma	F	6	9	81	\N	\N	\N	\N	\N	\N	\N	17
266	266	Skal	Labissiere	F	6	10	82	\N	\N	\N	\N	\N	\N	\N	26
267	267	Jeremy	Lamb	G	6	5	77	\N	\N	\N	\N	\N	\N	\N	26
268	268	Zach	LaVine	G	6	5	77	\N	\N	\N	\N	\N	\N	\N	26
269	269	Jake	Layman	F	6	8	80	\N	\N	\N	\N	\N	\N	\N	2
270	270	TJ	Leaf	F	6	10	82	\N	\N	\N	\N	\N	\N	\N	12
271	271	Courtney	Lee	G	6	5	77	\N	\N	\N	\N	\N	\N	\N	15
272	272	Damion	Lee	G	6	6	78	\N	\N	\N	\N	\N	\N	\N	24
273	273	Alex	Len	C	7	0	84	\N	\N	\N	\N	\N	\N	\N	14
274	274	Kawhi	Leonard	F	6	7	79	\N	\N	\N	\N	\N	\N	\N	13
275	275	Meyers	Leonard	F-C	7	0	84	\N	\N	\N	\N	\N	\N	\N	17
276	276	Jon	Leuer	F	6	10	82	\N	\N	\N	\N	\N	\N	\N	15
277	277	Caris	LeVert	G	6	6	78	\N	\N	\N	\N	\N	\N	\N	1
278	278	Damian	Lillard	G	6	2	74	\N	\N	\N	\N	\N	\N	\N	17
279	279	Jeremy	Lin	G	6	3	75	\N	\N	\N	\N	\N	\N	\N	11
280	280	Shaun	Livingston	G	6	7	79	\N	\N	\N	\N	\N	\N	\N	10
281	281	Zach	Lofton	G	6	4	76	\N	\N	\N	\N	\N	\N	\N	9
282	282	Kevon	Looney	F	6	9	81	\N	\N	\N	\N	\N	\N	\N	10
283	283	Brook	Lopez	C	7	1	85	\N	\N	\N	\N	\N	\N	\N	17
284	284	Robin	Lopez	C	7	0	84	\N	\N	\N	\N	\N	\N	\N	17
285	285	Kevin	Love	F-C	6	8	80	\N	\N	\N	\N	\N	\N	\N	16
286	286	Kyle	Lowry	G	6	0	72	\N	\N	\N	\N	\N	\N	\N	23
287	287	Jordan	Loyd	G	6	4	76	\N	\N	\N	\N	\N	\N	\N	28
288	288	Timothe	Luwawu-Cabarrot	G-F	6	7	79	\N	\N	\N	\N	\N	\N	\N	24
289	289	Tyler	Lydon	F	6	10	82	\N	\N	\N	\N	\N	\N	\N	8
290	290	Trey	Lyles	F	6	9	81	\N	\N	\N	\N	\N	\N	\N	26
291	291	Shelvin	Mack	G	6	3	75	\N	\N	\N	\N	\N	\N	\N	1
292	292	Daryl	Macon	G	6	3	75	\N	\N	\N	\N	\N	\N	\N	7
293	293	J.P.	Macura	G	6	5	77	\N	\N	\N	\N	\N	\N	\N	4
294	294	Ian	Mahinmi	C	6	11	83	\N	\N	\N	\N	\N	\N	\N	12
295	295	Thon	Maker	F	7	0	84	\N	\N	\N	\N	\N	\N	\N	17
296	296	Boban	Marjanovic	C	7	4	88	\N	\N	\N	\N	\N	\N	\N	11
297	297	Lauri	Markkanen	F	7	0	84	\N	\N	\N	\N	\N	\N	\N	29
298	298	Jarell	Martin	F	6	10	82	\N	\N	\N	\N	\N	\N	\N	15
299	299	Frank	Mason	G	5	11	71	\N	\N	\N	\N	\N	\N	\N	26
300	300	Yante	Maten	F	6	8	80	\N	\N	\N	\N	\N	\N	\N	16
301	301	Wesley	Matthews	G-F	6	5	77	\N	\N	\N	\N	\N	\N	\N	1
302	302	Luc	Mbah a Moute	F	6	8	80	\N	\N	\N	\N	\N	\N	\N	17
303	303	CJ	McCollum	G	6	3	75	\N	\N	\N	\N	\N	\N	\N	19
304	304	T.J.	McConnell	G	6	1	73	\N	\N	\N	\N	\N	\N	\N	12
305	305	Doug	McDermott	F	6	6	78	\N	\N	\N	\N	\N	\N	\N	26
306	306	JaVale	McGee	C	7	0	84	\N	\N	\N	\N	\N	\N	\N	26
307	307	Rodney	McGruder	F-G	6	4	76	\N	\N	\N	\N	\N	\N	\N	10
308	308	Alfonzo	McKinnie	F	6	7	79	\N	\N	\N	\N	\N	\N	\N	5
309	309	Ben	McLemore	G	6	3	75	\N	\N	\N	\N	\N	\N	\N	25
310	310	Jordan	McRae	G	6	5	77	\N	\N	\N	\N	\N	\N	\N	30
311	311	Jodie	Meeks	G	6	4	76	\N	\N	\N	\N	\N	\N	\N	23
312	312	Salah	Mejri	C	7	2	86	\N	\N	\N	\N	\N	\N	\N	7
313	313	De'Anthony	Melton	G	6	3	75	\N	\N	\N	\N	\N	\N	\N	3
314	314	Chimezie	Metu	F	6	10	82	\N	\N	\N	\N	\N	\N	\N	9
315	315	Khris	Middleton	F	6	7	79	\N	\N	\N	\N	\N	\N	\N	30
316	316	CJ	Miles	F-G	6	6	78	\N	\N	\N	\N	\N	\N	\N	2
317	317	Darius	Miller	F	6	6	78	\N	\N	\N	\N	\N	\N	\N	19
318	318	Paul	Millsap	F	6	7	79	\N	\N	\N	\N	\N	\N	\N	23
319	319	Patty	Mills	G	6	2	74	\N	\N	\N	\N	\N	\N	\N	13
320	320	Shake	Milton	G	6	5	77	\N	\N	\N	\N	\N	\N	\N	14
321	321	Nikola	Mirotic	F	6	10	82	\N	\N	\N	\N	\N	\N	\N	5
322	322	Donovan	Mitchell	G	6	3	75	\N	\N	\N	\N	\N	\N	\N	6
323	323	Naz	Mitrou-Long	G	6	3	75	\N	\N	\N	\N	\N	\N	\N	29
324	324	Malik	Monk	G	6	3	75	\N	\N	\N	\N	\N	\N	\N	26
325	325	Greg	Monroe	C	6	10	82	\N	\N	\N	\N	\N	\N	\N	18
326	326	E'Twaun	Moore	G	6	3	75	\N	\N	\N	\N	\N	\N	\N	22
327	327	Jaylen	Morris	G	6	5	77	\N	\N	\N	\N	\N	\N	\N	27
328	328	Marcus	Morris	F	6	8	80	\N	\N	\N	\N	\N	\N	\N	6
329	329	Markieff	Morris	F	6	9	81	\N	\N	\N	\N	\N	\N	\N	14
330	330	Monte	Morris	G	6	2	74	\N	\N	\N	\N	\N	\N	\N	24
331	331	Johnathan	Motley	F	6	8	80	\N	\N	\N	\N	\N	\N	\N	13
332	332	Timofey	Mozgov	C	7	1	85	\N	\N	\N	\N	\N	\N	\N	8
333	333	Emmanuel	Mudiay	G	6	3	75	\N	\N	\N	\N	\N	\N	\N	26
334	334	Dejounte	Murray	G	6	4	76	\N	\N	\N	\N	\N	\N	\N	19
335	335	Jamal	Murray	G	6	4	76	\N	\N	\N	\N	\N	\N	\N	8
336	336	Dzanan	Musa	G-F	6	9	81	\N	\N	\N	\N	\N	\N	\N	3
337	337	Mike	Muscala	F-C	6	10	82	\N	\N	\N	\N	\N	\N	\N	21
338	338	Svi	Mykhailiuk	G	6	7	79	\N	\N	\N	\N	\N	\N	\N	29
339	339	Abdel	Nader	F	6	5	77	\N	\N	\N	\N	\N	\N	\N	24
340	340	Larry	Nance Jr.	F	6	8	80	\N	\N	\N	\N	\N	\N	\N	1
341	341	Shabazz	Napier	G	6	0	72	\N	\N	\N	\N	\N	\N	\N	25
342	342	Nene		C-F	6	11	83	\N	\N	\N	\N	\N	\N	\N	8
343	343	Raul	Neto	G	6	2	74	\N	\N	\N	\N	\N	\N	\N	6
344	344	Georges	Niang	F	6	7	79	\N	\N	\N	\N	\N	\N	\N	1
345	345	Nerlens	Noel	F-C	6	11	83	\N	\N	\N	\N	\N	\N	\N	3
346	346	Dirk	Nowitzki	F	7	0	84	\N	\N	\N	\N	\N	\N	\N	7
347	347	Frank	Ntilikina	G	6	4	76	\N	\N	\N	\N	\N	\N	\N	4
348	348	James	Nunnally	F	6	7	79	\N	\N	\N	\N	\N	\N	\N	23
349	349	Jusuf	Nurkic	C	7	0	84	\N	\N	\N	\N	\N	\N	\N	4
350	350	David	Nwaba	G	6	5	77	\N	\N	\N	\N	\N	\N	\N	21
351	351	Royce	O'Neale	F	6	6	78	\N	\N	\N	\N	\N	\N	\N	24
352	352	Kyle	O'Quinn	C	6	9	81	\N	\N	\N	\N	\N	\N	\N	20
353	353	Semi	Ojeleye	F	6	6	78	\N	\N	\N	\N	\N	\N	\N	13
354	354	Jahlil	Okafor	C	6	10	82	\N	\N	\N	\N	\N	\N	\N	12
355	355	Elie	Okobo	G	6	3	75	\N	\N	\N	\N	\N	\N	\N	24
356	356	Josh	Okogie	G	6	4	76	\N	\N	\N	\N	\N	\N	\N	4
357	357	Victor	Oladipo	G	6	3	75	\N	\N	\N	\N	\N	\N	\N	16
358	358	Kelly	Olynyk	F	6	11	83	\N	\N	\N	\N	\N	\N	\N	19
359	359	Cedi	Osman	F	6	7	79	\N	\N	\N	\N	\N	\N	\N	27
360	360	Kelly	Oubre Jr.	F	6	8	80	\N	\N	\N	\N	\N	\N	\N	23
361	361	Zaza	Pachulia	C	6	11	83	\N	\N	\N	\N	\N	\N	\N	1
362	362	Jabari	Parker	F	6	8	80	\N	\N	\N	\N	\N	\N	\N	2
363	363	Tony	Parker	G	6	2	74	\N	\N	\N	\N	\N	\N	\N	27
364	364	Chandler	Parsons	F	6	10	82	\N	\N	\N	\N	\N	\N	\N	11
365	365	Patrick	Patterson	F	6	8	80	\N	\N	\N	\N	\N	\N	\N	28
366	366	Justin	Patton	C	6	11	83	\N	\N	\N	\N	\N	\N	\N	11
367	367	Chris	Paul	G	6	0	72	\N	\N	\N	\N	\N	\N	\N	27
368	368	Cameron	Payne	G	6	3	75	\N	\N	\N	\N	\N	\N	\N	20
369	369	Elfrid	Payton	G	6	3	75	\N	\N	\N	\N	\N	\N	\N	19
370	370	Theo	Pinson	G-F	6	7	79	\N	\N	\N	\N	\N	\N	\N	7
371	371	Mason	Plumlee	F-C	6	10	82	\N	\N	\N	\N	\N	\N	\N	24
372	372	Miles	Plumlee	C	6	11	83	\N	\N	\N	\N	\N	\N	\N	24
373	373	Jakob	Poeltl	C	7	0	84	\N	\N	\N	\N	\N	\N	\N	28
374	374	Quincy	Pondexter	F	6	7	79	\N	\N	\N	\N	\N	\N	\N	15
375	375	Michael	Porter Jr.	F	6	10	82	\N	\N	\N	\N	\N	\N	\N	8
376	376	Otto	Porter Jr.	F	6	8	80	\N	\N	\N	\N	\N	\N	\N	28
377	377	Bobby	Portis	F	6	10	82	\N	\N	\N	\N	\N	\N	\N	17
378	378	Kristaps	Porzingis	F-C	7	2	86	\N	\N	\N	\N	\N	\N	\N	2
379	379	Dwight	Powell	F-C	6	10	82	\N	\N	\N	\N	\N	\N	\N	7
380	380	Norman	Powell	F-G	6	4	76	\N	\N	\N	\N	\N	\N	\N	13
381	381	Alex	Poythress	F	6	9	81	\N	\N	\N	\N	\N	\N	\N	12
382	382	Billy	Preston	F	\N	\N	\N	\N	\N	\N	\N	\N	\N	\N	6
383	383	Taurean	Prince	F	6	6	78	\N	\N	\N	\N	\N	\N	\N	17
384	384	Zhou	Qi	F-C	7	1	85	\N	\N	\N	\N	\N	\N	\N	11
385	385	Ivan	Rabb	F	6	10	82	\N	\N	\N	\N	\N	\N	\N	15
386	386	Chasson	Randle	G	6	2	74	\N	\N	\N	\N	\N	\N	\N	8
387	387	Julius	Randle	F	6	9	81	\N	\N	\N	\N	\N	\N	\N	18
388	388	Zach	Randolph	F	6	9	81	\N	\N	\N	\N	\N	\N	\N	15
389	389	JJ	Redick	G	6	3	75	\N	\N	\N	\N	\N	\N	\N	23
390	390	Davon	Reed	G	6	5	77	\N	\N	\N	\N	\N	\N	\N	14
391	391	Josh	Richardson	G-F	6	5	77	\N	\N	\N	\N	\N	\N	\N	16
392	392	Malachi	Richardson	G	6	6	78	\N	\N	\N	\N	\N	\N	\N	26
393	393	Austin	Rivers	G	6	4	76	\N	\N	\N	\N	\N	\N	\N	18
394	394	Andre	Roberson	G-F	6	7	79	\N	\N	\N	\N	\N	\N	\N	21
395	395	Glenn	Robinson III	G-F	6	6	78	\N	\N	\N	\N	\N	\N	\N	12
396	396	Devin	Robinson	F	6	8	80	\N	\N	\N	\N	\N	\N	\N	30
397	397	Duncan	Robinson	F	6	7	79	\N	\N	\N	\N	\N	\N	\N	16
398	398	Jerome	Robinson	G	6	5	77	\N	\N	\N	\N	\N	\N	\N	10
399	399	Mitchell	Robinson	C	7	0	84	\N	\N	\N	\N	\N	\N	\N	20
400	400	Rajon	Rondo	G	6	1	73	\N	\N	\N	\N	\N	\N	\N	6
401	401	Derrick	Rose	G	6	3	75	\N	\N	\N	\N	\N	\N	\N	15
402	402	Terrence	Ross	G-F	6	7	79	\N	\N	\N	\N	\N	\N	\N	24
403	403	Terry	Rozier	G	6	1	73	\N	\N	\N	\N	\N	\N	\N	16
404	404	Ricky	Rubio	G	6	2	74	\N	\N	\N	\N	\N	\N	\N	6
405	405	D'Angelo	Russell	G	6	3	75	\N	\N	\N	\N	\N	\N	\N	3
406	406	Domantas	Sabonis	F	6	10	82	\N	\N	\N	\N	\N	\N	\N	26
407	407	Dario	Saric	F	6	10	82	\N	\N	\N	\N	\N	\N	\N	8
408	408	Tomas	Satoransky	G-F	6	7	79	\N	\N	\N	\N	\N	\N	\N	30
409	409	Dennis	Schroder	G	6	1	73	\N	\N	\N	\N	\N	\N	\N	9
410	410	Mike	Scott	F	6	7	79	\N	\N	\N	\N	\N	\N	\N	1
411	411	Thabo	Sefolosha	F	6	6	78	\N	\N	\N	\N	\N	\N	\N	21
412	412	Wayne	Selden	G-F	6	5	77	\N	\N	\N	\N	\N	\N	\N	20
413	413	Collin	Sexton	G	6	3	75	\N	\N	\N	\N	\N	\N	\N	29
414	414	Landry	Shamet	G	6	4	76	\N	\N	\N	\N	\N	\N	\N	20
415	415	Iman	Shumpert	G	6	5	77	\N	\N	\N	\N	\N	\N	\N	20
416	416	Pascal	Siakam	F	6	8	80	\N	\N	\N	\N	\N	\N	\N	12
417	417	Ben	Simmons	G-F	6	10	82	\N	\N	\N	\N	\N	\N	\N	13
418	418	Jonathon	Simmons	F	6	6	78	\N	\N	\N	\N	\N	\N	\N	27
419	419	Anfernee	Simons	G	6	3	75	\N	\N	\N	\N	\N	\N	\N	25
420	420	Marcus	Smart	G	6	3	75	\N	\N	\N	\N	\N	\N	\N	30
421	421	Dennis	Smith Jr.	G	6	3	75	\N	\N	\N	\N	\N	\N	\N	3
422	422	Ish	Smith	G	6	0	72	\N	\N	\N	\N	\N	\N	\N	4
423	423	Jason	Smith	F-C	7	0	84	\N	\N	\N	\N	\N	\N	\N	19
424	424	JR	Smith	G-F	6	6	78	\N	\N	\N	\N	\N	\N	\N	8
425	425	Zhaire	Smith	G	6	3	75	\N	\N	\N	\N	\N	\N	\N	23
426	426	Tony	Snell	G	6	6	78	\N	\N	\N	\N	\N	\N	\N	19
427	427	Ray	Spalding	F	6	9	81	\N	\N	\N	\N	\N	\N	\N	24
428	428	Omari	Spellman	F	6	8	80	\N	\N	\N	\N	\N	\N	\N	10
429	429	Nik	Stauskas	G	6	6	78	\N	\N	\N	\N	\N	\N	\N	2
430	430	DJ	Stephens	G-F	6	5	77	\N	\N	\N	\N	\N	\N	\N	17
431	431	Lance	Stephenson	G	6	5	77	\N	\N	\N	\N	\N	\N	\N	12
432	432	Edmond	Sumner	G	6	4	76	\N	\N	\N	\N	\N	\N	\N	4
433	433	Caleb	Swanigan	F	6	9	81	\N	\N	\N	\N	\N	\N	\N	25
434	434	Jayson	Tatum	F	6	8	80	\N	\N	\N	\N	\N	\N	\N	2
435	435	Jeff	Teague	G	6	3	75	\N	\N	\N	\N	\N	\N	\N	1
436	436	Garrett	Temple	G-F	6	5	77	\N	\N	\N	\N	\N	\N	\N	28
437	437	Milos	Teodosic	G	6	5	77	\N	\N	\N	\N	\N	\N	\N	13
438	438	Jared	Terrell	G	6	3	75	\N	\N	\N	\N	\N	\N	\N	18
439	439	Daniel	Theis	F	6	8	80	\N	\N	\N	\N	\N	\N	\N	19
440	440	Isaiah	Thomas	G	5	9	69	\N	\N	\N	\N	\N	\N	\N	24
441	441	Khyri	Thomas	G	6	3	75	\N	\N	\N	\N	\N	\N	\N	9
442	442	Lance	Thomas	F	6	8	80	\N	\N	\N	\N	\N	\N	\N	20
443	443	Klay	Thompson	G	6	5	77	\N	\N	\N	\N	\N	\N	\N	7
444	444	Tristan	Thompson	C-F	6	9	81	\N	\N	\N	\N	\N	\N	\N	6
445	445	Sindarius	Thornwell	G	6	4	76	\N	\N	\N	\N	\N	\N	\N	13
446	446	Anthony	Tolliver	F	6	8	80	\N	\N	\N	\N	\N	\N	\N	9
447	447	Karl-Anthony	Towns	C	7	0	84	\N	\N	\N	\N	\N	\N	\N	20
448	448	Gary	Trent Jr.	G	\N	\N	\N	\N	\N	\N	\N	\N	\N	\N	25
449	449	Allonzo	Trier	G	6	5	77	\N	\N	\N	\N	\N	\N	\N	20
450	450	PJ	Tucker	F	6	5	77	\N	\N	\N	\N	\N	\N	\N	20
451	451	Evan	Turner	G-F	6	6	78	\N	\N	\N	\N	\N	\N	\N	23
452	452	Myles	Turner	C-F	6	11	83	\N	\N	\N	\N	\N	\N	\N	12
453	453	Ekpe	Udoh	C-F	6	10	82	\N	\N	\N	\N	\N	\N	\N	17
454	454	Tyler	Ulis	G	5	10	70	\N	\N	\N	\N	\N	\N	\N	24
455	455	Jonas	Valanciunas	C	6	11	83	\N	\N	\N	\N	\N	\N	\N	26
456	456	Denzel	Valentine	G	6	4	76	\N	\N	\N	\N	\N	\N	\N	29
457	457	Jarred	Vanderbilt	F	6	8	80	\N	\N	\N	\N	\N	\N	\N	14
458	458	Fred	VanVleet	G	6	0	72	\N	\N	\N	\N	\N	\N	\N	11
459	459	Noah	Vonleh	F	6	10	82	\N	\N	\N	\N	\N	\N	\N	2
460	460	Nikola	Vucevic	C	6	10	82	\N	\N	\N	\N	\N	\N	\N	5
461	461	Dwyane	Wade	G	6	4	76	\N	\N	\N	\N	\N	\N	\N	16
462	462	Moritz	Wagner	C	6	11	83	\N	\N	\N	\N	\N	\N	\N	22
463	463	Dion	Waiters	G	6	3	75	\N	\N	\N	\N	\N	\N	\N	6
464	464	Lonnie	Walker IV	G	6	4	76	\N	\N	\N	\N	\N	\N	\N	23
465	465	Kemba	Walker	G	6	0	72	\N	\N	\N	\N	\N	\N	\N	7
466	466	Tyrone	Wallace	G	6	5	77	\N	\N	\N	\N	\N	\N	\N	13
467	467	John	Wall	G	6	3	75	\N	\N	\N	\N	\N	\N	\N	13
468	468	Brad	Wanamaker	G	6	3	75	\N	\N	\N	\N	\N	\N	\N	30
469	469	T.J.	Warren	F	6	8	80	\N	\N	\N	\N	\N	\N	\N	20
470	470	Yuta	Watanabe	G	6	9	81	\N	\N	\N	\N	\N	\N	\N	15
471	471	Thomas	Welsh	C	7	0	84	\N	\N	\N	\N	\N	\N	\N	8
472	472	Russell	Westbrook	G	6	4	76	\N	\N	\N	\N	\N	\N	\N	8
473	473	Derrick	White	G	6	4	76	\N	\N	\N	\N	\N	\N	\N	2
474	474	Hassan	Whiteside	C	7	0	84	\N	\N	\N	\N	\N	\N	\N	29
475	475	Andrew	Wiggins	F-G	6	7	79	\N	\N	\N	\N	\N	\N	\N	16
476	476	Robert	Williams III	C-F	6	9	81	\N	\N	\N	\N	\N	\N	\N	25
477	477	Alan	Williams	F-C	6	8	80	\N	\N	\N	\N	\N	\N	\N	24
478	478	C.J.	Williams	G	6	5	77	\N	\N	\N	\N	\N	\N	\N	13
479	479	Johnathan	Williams	F	6	9	81	\N	\N	\N	\N	\N	\N	\N	14
480	480	Kenrich	Williams	G-F	6	6	78	\N	\N	\N	\N	\N	\N	\N	21
481	481	Lou	Williams	G	6	2	74	\N	\N	\N	\N	\N	\N	\N	1
482	482	Marvin	Williams	F	6	8	80	\N	\N	\N	\N	\N	\N	\N	1
483	483	Troy	Williams	F	6	7	79	\N	\N	\N	\N	\N	\N	\N	15
484	484	D.J.	Wilson	F	6	10	82	\N	\N	\N	\N	\N	\N	\N	23
485	485	Justise	Winslow	F	6	6	78	\N	\N	\N	\N	\N	\N	\N	25
486	486	Christian	Wood	F	6	8	80	\N	\N	\N	\N	\N	\N	\N	14
487	487	Delon	Wright	G	6	5	77	\N	\N	\N	\N	\N	\N	\N	20
488	488	Guerschon	Yabusele	F	6	8	80	\N	\N	\N	\N	\N	\N	\N	23
489	489	Thaddeus	Young	F	6	8	80	\N	\N	\N	\N	\N	\N	\N	24
490	490	Trae	Young	G	6	1	73	\N	\N	\N	\N	\N	\N	\N	1
491	491	Cody	Zeller	C	6	11	83	\N	\N	\N	\N	\N	\N	\N	19
492	492	Ante	Zizic	C	6	10	82	\N	\N	\N	\N	\N	\N	\N	6
493	493	Ivica	Zubac	C	7	0	84	\N	\N	\N	\N	\N	\N	\N	13
494	494	Michael	Smith		6	10	82	\N	\N	\N	\N	\N	\N	\N	2
495	495	John	Morton		6	3	75	\N	\N	\N	\N	\N	\N	\N	6
496	496	Howard	Wright		6	8	80	\N	\N	\N	\N	\N	\N	\N	22
497	497	Michael	Ansley		6	7	79	\N	\N	\N	\N	\N	\N	\N	22
498	498	John	Salley		6	11	83	\N	\N	\N	\N	\N	\N	\N	9
499	499	Dan	Schayes		6	11	83	\N	\N	\N	\N	\N	\N	\N	8
500	500	Mark	Eaton		7	4	88	\N	\N	\N	\N	\N	\N	\N	29
501	501	Kevin	Johnson		6	1	73	\N	\N	\N	\N	\N	\N	\N	24
502	502	Danny	Ainge		6	5	77	\N	\N	\N	\N	\N	\N	\N	2
503	503	Kenny	Smith		6	3	75	\N	\N	\N	\N	\N	\N	\N	11
504	504	Randy	Breuer		7	3	87	\N	\N	\N	\N	\N	\N	\N	17
505	505	Herb	Williams		6	11	83	\N	\N	\N	\N	\N	\N	\N	12
506	506	Joe	Wolf		6	11	83	\N	\N	\N	\N	\N	\N	\N	8
507	507	Steve	Johnson		6	10	82	\N	\N	\N	\N	\N	\N	\N	26
508	508	Glen	Rice		6	8	80	\N	\N	\N	\N	\N	\N	\N	16
509	509	Greg	Foster		6	11	83	\N	\N	\N	\N	\N	\N	\N	29
510	510	Larry	Nance		6	10	82	\N	\N	\N	\N	\N	\N	\N	24
511	511	Duane	Ferrell		6	7	79	\N	\N	\N	\N	\N	\N	\N	1
512	512	Nick	Anderson		6	6	78	\N	\N	\N	\N	\N	\N	\N	22
513	513	Joe	Dumars		6	3	75	\N	\N	\N	\N	\N	\N	\N	9
514	514	Jay	Humphries		6	3	75	\N	\N	\N	\N	\N	\N	\N	17
515	515	Darrell	Griffith		6	4	76	\N	\N	\N	\N	\N	\N	\N	29
516	516	Dan	Majerle		6	6	78	\N	\N	\N	\N	\N	\N	\N	24
517	517	Tom	Chambers		6	10	82	\N	\N	\N	\N	\N	\N	\N	21
518	518	Alaa	Abdelnaby		6	10	82	\N	\N	\N	\N	\N	\N	\N	25
519	519	Adrian	Caldwell		6	8	80	\N	\N	\N	\N	\N	\N	\N	11
520	520	Vernon	Maxwell		6	4	76	\N	\N	\N	\N	\N	\N	\N	11
521	521	Doug	West		6	6	78	\N	\N	\N	\N	\N	\N	\N	18
522	522	Tony	Campbell		6	7	79	\N	\N	\N	\N	\N	\N	\N	18
523	523	Roy	Tarpley		7	0	84	\N	\N	\N	\N	\N	\N	\N	7
524	524	Anthony	Cook		6	9	81	\N	\N	\N	\N	\N	\N	\N	8
525	525	Todd	Lichti		6	4	76	\N	\N	\N	\N	\N	\N	\N	8
526	526	Tom	Tolbert		6	7	79	\N	\N	\N	\N	\N	\N	\N	10
527	527	Billy	Thompson		6	7	79	\N	\N	\N	\N	\N	\N	\N	16
528	528	Byron	Irvin		6	5	77	\N	\N	\N	\N	\N	\N	\N	25
529	529	Mark	Price		6	0	72	\N	\N	\N	\N	\N	\N	\N	6
530	530	Dominique	Wilkins		6	8	80	\N	\N	\N	\N	\N	\N	\N	1
531	531	Dennis	Scott		6	8	80	\N	\N	\N	\N	\N	\N	\N	22
532	532	Terry	Catledge		6	8	80	\N	\N	\N	\N	\N	\N	\N	30
533	533	Bill	Laimbeer		6	11	83	\N	\N	\N	\N	\N	\N	\N	9
534	534	William	Bedford		7	0	84	\N	\N	\N	\N	\N	\N	\N	9
535	535	Ricky	Pierce		6	4	76	\N	\N	\N	\N	\N	\N	\N	17
536	536	Blue	Edwards		6	4	76	\N	\N	\N	\N	\N	\N	\N	29
537	537	Walter	Palmer		7	1	85	\N	\N	\N	\N	\N	\N	\N	29
538	538	Mark	West		6	10	82	\N	\N	\N	\N	\N	\N	\N	24
539	539	Clifford	Robinson		6	10	82	\N	\N	\N	\N	\N	\N	\N	25
540	540	Hakeem	Olajuwon		7	0	84	\N	\N	\N	\N	\N	\N	\N	11
541	541	Richard	Coffey		6	6	78	\N	\N	\N	\N	\N	\N	\N	18
542	542	James	Donaldson		7	2	86	\N	\N	\N	\N	\N	\N	\N	7
543	543	Jerome	Lane		6	6	78	\N	\N	\N	\N	\N	\N	\N	8
544	544	Sarunas	Marciulionis		6	5	77	\N	\N	\N	\N	\N	\N	\N	6
545	545	Grant	Long		6	9	81	\N	\N	\N	\N	\N	\N	\N	16
546	546	Willie	Burton		6	8	80	\N	\N	\N	\N	\N	\N	\N	16
547	547	Mark	Alarie		6	8	80	\N	\N	\N	\N	\N	\N	\N	30
548	548	Winston	Bennett		6	7	79	\N	\N	\N	\N	\N	\N	\N	6
549	549	Doc	Rivers		6	4	76	\N	\N	\N	\N	\N	\N	\N	1
550	550	Tim	McCormick		6	11	83	\N	\N	\N	\N	\N	\N	\N	21
551	551	Scott	Skiles		6	1	73	\N	\N	\N	\N	\N	\N	\N	22
552	552	Dennis	Rodman		6	7	79	\N	\N	\N	\N	\N	\N	\N	9
553	553	Greg	Anderson		6	10	82	\N	\N	\N	\N	\N	\N	\N	27
554	554	Jeff	Malone		6	4	76	\N	\N	\N	\N	\N	\N	\N	30
555	555	Cedric	Ceballos		6	7	79	\N	\N	\N	\N	\N	\N	\N	24
556	556	Tim	Perry		6	9	81	\N	\N	\N	\N	\N	\N	\N	24
557	557	Buck	Williams		6	8	80	\N	\N	\N	\N	\N	\N	\N	3
558	558	Dave	Jamerson		6	5	77	\N	\N	\N	\N	\N	\N	\N	11
559	559	Scott	Brooks		5	11	71	\N	\N	\N	\N	\N	\N	\N	11
560	560	Rolando	Blackman		6	6	78	\N	\N	\N	\N	\N	\N	\N	7
561	561	Avery	Johnson		5	11	71	\N	\N	\N	\N	\N	\N	\N	27
562	562	Rod	Higgins		6	7	79	\N	\N	\N	\N	\N	\N	\N	10
563	563	Jon	Sundvold		6	2	74	\N	\N	\N	\N	\N	\N	\N	27
564	564	A.J.	English		6	3	75	\N	\N	\N	\N	\N	\N	\N	30
565	565	John	Battle		6	2	74	\N	\N	\N	\N	\N	\N	\N	1
566	566	Sam	Vincent		6	2	74	\N	\N	\N	\N	\N	\N	\N	22
567	567	Isiah	Thomas		6	1	73	\N	\N	\N	\N	\N	\N	\N	9
568	568	Brad	Lohaus		6	11	83	\N	\N	\N	\N	\N	\N	\N	17
569	569	Mike	Brown		6	10	82	\N	\N	\N	\N	\N	\N	\N	29
570	570	Kenny	Battle		6	6	78	\N	\N	\N	\N	\N	\N	\N	24
571	571	Danny	Young		6	4	76	\N	\N	\N	\N	\N	\N	\N	21
572	572	Larry	Smith		6	8	80	\N	\N	\N	\N	\N	\N	\N	10
573	573	Pooh	Richardson		6	1	73	\N	\N	\N	\N	\N	\N	\N	13
574	574	Derek	Harper		6	4	76	\N	\N	\N	\N	\N	\N	\N	7
575	575	Michael	Adams		5	10	70	\N	\N	\N	\N	\N	\N	\N	8
576	576	Tim	Hardaway		6	0	72	\N	\N	\N	\N	\N	\N	\N	10
577	577	Bimbo	Coles		6	2	74	\N	\N	\N	\N	\N	\N	\N	16
578	578	Darrell	Walker		6	4	76	\N	\N	\N	\N	\N	\N	\N	30
579	579	Kevin	Willis		7	0	84	\N	\N	\N	\N	\N	\N	\N	1
580	580	Otis	Smith		6	5	77	\N	\N	\N	\N	\N	\N	\N	22
581	581	James	Edwards		7	1	85	\N	\N	\N	\N	\N	\N	\N	12
582	582	Frank	Brickowski		6	9	81	\N	\N	\N	\N	\N	\N	\N	17
583	583	Karl	Malone		6	9	81	\N	\N	\N	\N	\N	\N	\N	29
584	584	Ian	Lockhart		6	8	80	\N	\N	\N	\N	\N	\N	\N	24
585	585	Kevin	Duckworth		7	0	84	\N	\N	\N	\N	\N	\N	\N	25
586	586	Otis	Thorpe		6	10	82	\N	\N	\N	\N	\N	\N	\N	11
587	587	Gerald	Glass		6	5	77	\N	\N	\N	\N	\N	\N	\N	18
588	588	Alex	English		6	8	80	\N	\N	\N	\N	\N	\N	\N	8
589	589	T.R.	Dunn		6	4	76	\N	\N	\N	\N	\N	\N	\N	8
590	590	Alton	Lister		7	0	84	\N	\N	\N	\N	\N	\N	\N	17
591	591	Sherman	Douglas		6	1	73	\N	\N	\N	\N	\N	\N	\N	2
592	592	Charles	Jones		6	9	81	\N	\N	\N	\N	\N	\N	\N	30
593	593	Moses	Malone		6	10	82	\N	\N	\N	\N	\N	\N	\N	11
594	594	Mark	Acres		6	11	83	\N	\N	\N	\N	\N	\N	\N	22
595	595	Lance	Blanks		6	4	76	\N	\N	\N	\N	\N	\N	\N	9
596	596	Jeff	Grayer		6	5	77	\N	\N	\N	\N	\N	\N	\N	17
597	597	Chris	Munk		6	9	81	\N	\N	\N	\N	\N	\N	\N	29
598	598	Jeff	Hornacek		6	4	76	\N	\N	\N	\N	\N	\N	\N	29
599	599	Jerome	Kersey		6	7	79	\N	\N	\N	\N	\N	\N	\N	25
600	600	Dave	Feitl		6	11	83	\N	\N	\N	\N	\N	\N	\N	11
601	601	Tod	Murphy		6	9	81	\N	\N	\N	\N	\N	\N	\N	18
602	602	Lafayette	Lever		6	3	75	\N	\N	\N	\N	\N	\N	\N	8
603	603	Corey	Gaines		6	3	75	\N	\N	\N	\N	\N	\N	\N	3
604	604	Mitch	Richmond		6	5	77	\N	\N	\N	\N	\N	\N	\N	26
605	605	Kevin	Edwards		6	3	75	\N	\N	\N	\N	\N	\N	\N	16
606	606	Haywoode	Workman		6	3	75	\N	\N	\N	\N	\N	\N	\N	12
607	607	Tom	Hammonds		6	9	81	\N	\N	\N	\N	\N	\N	\N	8
608	608	Rumeal	Robinson		6	2	74	\N	\N	\N	\N	\N	\N	\N	1
609	609	Greg	Kite		6	11	83	\N	\N	\N	\N	\N	\N	\N	22
610	610	Vinnie	Johnson		6	2	74	\N	\N	\N	\N	\N	\N	\N	9
611	611	Jack	Sikma		6	11	83	\N	\N	\N	\N	\N	\N	\N	21
612	612	Delaney	Rudd		6	2	74	\N	\N	\N	\N	\N	\N	\N	29
613	613	Ed	Nealy		6	7	79	\N	\N	\N	\N	\N	\N	\N	26
614	614	Wayne	Cooper		6	10	82	\N	\N	\N	\N	\N	\N	\N	8
615	615	Sleepy	Floyd		6	3	75	\N	\N	\N	\N	\N	\N	\N	11
616	616	Felton	Spencer		7	0	84	\N	\N	\N	\N	\N	\N	\N	18
617	617	Tyrone	Corbin		6	6	78	\N	\N	\N	\N	\N	\N	\N	1
618	618	Marcus	Liberty		6	8	80	\N	\N	\N	\N	\N	\N	\N	8
619	619	Walter	Davis		6	6	78	\N	\N	\N	\N	\N	\N	\N	24
620	620	Tyrone	Hill		6	9	81	\N	\N	\N	\N	\N	\N	\N	6
621	621	Alec	Kessler		6	11	83	\N	\N	\N	\N	\N	\N	\N	16
622	622	Terry	Davis		6	10	82	\N	\N	\N	\N	\N	\N	\N	7
623	623	Larry	Robinson		6	3	75	\N	\N	\N	\N	\N	\N	\N	1
624	624	Sidney	Moncrief		6	4	76	\N	\N	\N	\N	\N	\N	\N	17
625	625	Jeff	Turner		6	9	81	\N	\N	\N	\N	\N	\N	\N	22
626	626	Scott	Hastings		6	10	82	\N	\N	\N	\N	\N	\N	\N	1
627	627	Alvin	Robertson		6	4	76	\N	\N	\N	\N	\N	\N	\N	27
628	628	Steve	Henson		6	1	73	\N	\N	\N	\N	\N	\N	\N	17
629	629	Andy	Toolson		6	6	78	\N	\N	\N	\N	\N	\N	\N	29
630	630	Thurl	Bailey		6	11	83	\N	\N	\N	\N	\N	\N	\N	29
631	631	Kurt	Rambis		6	8	80	\N	\N	\N	\N	\N	\N	\N	14
632	632	Clyde	Drexler		6	7	79	\N	\N	\N	\N	\N	\N	\N	25
633	633	David	Wood		6	9	81	\N	\N	\N	\N	\N	\N	\N	10
634	634	Sam	Mitchell		6	7	79	\N	\N	\N	\N	\N	\N	\N	18
635	635	Rodney	McCray		6	8	80	\N	\N	\N	\N	\N	\N	\N	11
636	636	Blair	Rasmussen		6	4	76	\N	\N	\N	\N	\N	\N	\N	8
637	637	Kevin	Pritchard		6	3	75	\N	\N	\N	\N	\N	\N	\N	10
638	638	Milt	Wagner		6	5	77	\N	\N	\N	\N	\N	\N	\N	14
639	639	Bernard	King		6	7	79	\N	\N	\N	\N	\N	\N	\N	30
640	640	Roy	Hinson		6	9	81	\N	\N	\N	\N	\N	\N	\N	6
641	641	Matt	Bullard		6	10	82	\N	\N	\N	\N	\N	\N	\N	11
642	642	Alan	Ogg		7	2	86	\N	\N	\N	\N	\N	\N	\N	16
643	643	Kevin	Lynch		6	5	77	\N	\N	\N	\N	\N	\N	\N	4
644	644	Larry	Krystkowiak		6	9	81	\N	\N	\N	\N	\N	\N	\N	17
645	645	Pete	Chilcutt		6	10	82	\N	\N	\N	\N	\N	\N	\N	15
646	646	Randy	Brown		6	2	74	\N	\N	\N	\N	\N	\N	\N	5
647	647	Elliot	Perry		6	0	72	\N	\N	\N	\N	\N	\N	\N	24
648	648	Jimmy	Oliver		6	5	77	\N	\N	\N	\N	\N	\N	\N	2
649	649	Terrell	Brandon		5	11	71	\N	\N	\N	\N	\N	\N	\N	6
650	650	Greg	Sutton		6	2	74	\N	\N	\N	\N	\N	\N	\N	4
651	651	Tom	Copa		6	10	82	\N	\N	\N	\N	\N	\N	\N	27
652	652	Donald	Hodge		7	0	84	\N	\N	\N	\N	\N	\N	\N	7
653	653	Joao	Vianna		6	9	81	\N	\N	\N	\N	\N	\N	\N	7
654	654	Mike	Iuzzolino		5	10	70	\N	\N	\N	\N	\N	\N	\N	7
655	655	Greg	Anthony		6	1	73	\N	\N	\N	\N	\N	\N	\N	20
656	656	Albert	King		6	6	78	\N	\N	\N	\N	\N	\N	\N	3
657	657	Tellis	Frank		6	10	82	\N	\N	\N	\N	\N	\N	\N	10
658	658	David	Benoit		6	8	80	\N	\N	\N	\N	\N	\N	\N	29
659	659	Demetrius	Calip		6	1	73	\N	\N	\N	\N	\N	\N	\N	14
660	660	Dikembe	Mutombo		7	2	86	\N	\N	\N	\N	\N	\N	\N	8
661	661	Mark	Macon		6	4	76	\N	\N	\N	\N	\N	\N	\N	8
662	662	Chris	Gatling		6	10	82	\N	\N	\N	\N	\N	\N	\N	10
663	663	Victor	Alexander		6	10	82	\N	\N	\N	\N	\N	\N	\N	10
664	664	Mark	Randall		6	8	80	\N	\N	\N	\N	\N	\N	\N	18
665	665	Mitchell	Wiggins		6	4	76	\N	\N	\N	\N	\N	\N	\N	11
666	666	Tharon	Mayes		6	3	75	\N	\N	\N	\N	\N	\N	\N	23
667	667	Charles	Thomas		6	3	75	\N	\N	\N	\N	\N	\N	\N	9
668	668	Robert	Pack		6	2	74	\N	\N	\N	\N	\N	\N	\N	8
669	669	John	Bagley		6	0	72	\N	\N	\N	\N	\N	\N	\N	6
670	670	Rick	Fox		6	7	79	\N	\N	\N	\N	\N	\N	\N	14
671	671	Larry	Johnson		6	7	79	\N	\N	\N	\N	\N	\N	\N	4
672	672	Alexander	Volkov		6	10	82	\N	\N	\N	\N	\N	\N	\N	1
673	673	Stacey	Augmon		6	8	80	\N	\N	\N	\N	\N	\N	\N	1
674	674	Carl	Thomas		6	4	76	\N	\N	\N	\N	\N	\N	\N	6
675	675	Steven	Smith		6	8	80	\N	\N	\N	\N	\N	\N	\N	1
676	676	Stanley	Roberts		7	0	84	\N	\N	\N	\N	\N	\N	\N	13
677	677	Doug	Lee		6	5	77	\N	\N	\N	\N	\N	\N	\N	3
678	678	Rafael	Addison		6	8	80	\N	\N	\N	\N	\N	\N	\N	3
679	679	Sean	Green		6	5	77	\N	\N	\N	\N	\N	\N	\N	12
680	680	Corey	Crowder		6	5	77	\N	\N	\N	\N	\N	\N	\N	29
681	681	Eric	Murdock		6	1	73	\N	\N	\N	\N	\N	\N	\N	17
682	682	Kevin	Brooks		6	6	78	\N	\N	\N	\N	\N	\N	\N	8
683	683	Carlton	McKinney		6	4	76	\N	\N	\N	\N	\N	\N	\N	13
684	684	Billy	Owens		6	9	81	\N	\N	\N	\N	\N	\N	\N	10
685	685	Doug	Smith		6	10	82	\N	\N	\N	\N	\N	\N	\N	7
686	686	Marty	Conlon		6	11	83	\N	\N	\N	\N	\N	\N	\N	17
687	687	Rich	King		7	2	86	\N	\N	\N	\N	\N	\N	\N	21
688	688	Brad	Sellers		7	0	84	\N	\N	\N	\N	\N	\N	\N	5
689	689	Rodney	Monroe		6	3	75	\N	\N	\N	\N	\N	\N	\N	1
690	690	Lanard	Copeland		6	6	78	\N	\N	\N	\N	\N	\N	\N	23
691	691	LeRon	Ellis		6	9	81	\N	\N	\N	\N	\N	\N	\N	4
692	692	Larry	Stewart		6	8	80	\N	\N	\N	\N	\N	\N	\N	30
693	693	John	Turner		6	8	80	\N	\N	\N	\N	\N	\N	\N	11
694	694	Charles	Shackleford		6	11	83	\N	\N	\N	\N	\N	\N	\N	3
695	695	Keith	Owens		6	7	79	\N	\N	\N	\N	\N	\N	\N	14
696	696	Paul	Graham		6	6	78	\N	\N	\N	\N	\N	\N	\N	1
697	697	Kenny	Anderson		6	1	73	\N	\N	\N	\N	\N	\N	\N	3
698	698	Carl	Herrera		6	9	81	\N	\N	\N	\N	\N	\N	\N	11
699	699	Myron	Brown		6	3	75	\N	\N	\N	\N	\N	\N	\N	18
700	700	Dale	Davis		6	11	83	\N	\N	\N	\N	\N	\N	\N	12
701	701	Labradford	Smith		6	3	75	\N	\N	\N	\N	\N	\N	\N	30
702	702	Bison	Dele		6	11	83	\N	\N	\N	\N	\N	\N	\N	8
703	703	Chuck	Nevitt		7	5	89	\N	\N	\N	\N	\N	\N	\N	9
704	704	Patrick	Eddie		6	11	83	\N	\N	\N	\N	\N	\N	\N	20
705	705	David	Rivers		6	0	72	\N	\N	\N	\N	\N	\N	\N	13
706	706	Luc	Longley		7	2	86	\N	\N	\N	\N	\N	\N	\N	5
707	707	Bob	McCann		6	7	79	\N	\N	\N	\N	\N	\N	\N	18
708	708	Donald	Royal		6	8	80	\N	\N	\N	\N	\N	\N	\N	22
709	709	Anthony	Bowie		6	6	78	\N	\N	\N	\N	\N	\N	\N	22
710	710	Chris	Corchiani		6	0	72	\N	\N	\N	\N	\N	\N	\N	22
711	711	Stephen	Thompson		6	4	76	\N	\N	\N	\N	\N	\N	\N	26
712	712	Jeff	Ruland		6	10	82	\N	\N	\N	\N	\N	\N	\N	30
713	713	Ronnie	Grandison		6	6	78	\N	\N	\N	\N	\N	\N	\N	2
714	714	Lamont	Strothers		6	4	76	\N	\N	\N	\N	\N	\N	\N	7
715	715	Tracy	Moore		6	4	76	\N	\N	\N	\N	\N	\N	\N	7
716	716	Jaren	Jackson		6	6	78	\N	\N	\N	\N	\N	\N	\N	27
717	717	Ennis	Whatley		6	3	75	\N	\N	\N	\N	\N	\N	\N	5
718	718	Brian	Howard		6	6	78	\N	\N	\N	\N	\N	\N	\N	7
719	719	Steve	Burtt		6	2	74	\N	\N	\N	\N	\N	\N	\N	10
720	720	Cedric	Hunter		6	0	72	\N	\N	\N	\N	\N	\N	\N	4
721	721	Stephen	Bardo		6	5	77	\N	\N	\N	\N	\N	\N	\N	7
722	722	Cliff	T. Robinson		6	9	81	\N	\N	\N	\N	\N	\N	\N	6
723	723	Derek	Strong		6	9	81	\N	\N	\N	\N	\N	\N	\N	22
724	724	Bobby	Phills		6	5	77	\N	\N	\N	\N	\N	\N	\N	6
725	725	Anthony	Avent		6	9	81	\N	\N	\N	\N	\N	\N	\N	17
\.


--
-- Data for Name: nba_data_team; Type: TABLE DATA; Schema: public; Owner: nba_superuser
--

COPY public.nba_data_team (id, team_id, abbreviation, city, conference, division, full_name, name) FROM stdin;
1	1	ATL	Atlanta	East	Southeast	Atlanta Hawks	Hawks
2	2	BOS	Boston	East	Atlantic	Boston Celtics	Celtics
3	3	BKN	Brooklyn	East	Atlantic	Brooklyn Nets	Nets
4	4	CHA	Charlotte	East	Southeast	Charlotte Hornets	Hornets
5	5	CHI	Chicago	East	Central	Chicago Bulls	Bulls
6	6	CLE	Cleveland	East	Central	Cleveland Cavaliers	Cavaliers
7	7	DAL	Dallas	West	Southwest	Dallas Mavericks	Mavericks
8	8	DEN	Denver	West	Northwest	Denver Nuggets	Nuggets
9	9	DET	Detroit	East	Central	Detroit Pistons	Pistons
10	10	GSW	Golden State	West	Pacific	Golden State Warriors	Warriors
11	11	HOU	Houston	West	Southwest	Houston Rockets	Rockets
12	12	IND	Indiana	East	Central	Indiana Pacers	Pacers
13	13	LAC	LA	West	Pacific	LA Clippers	Clippers
14	14	LAL	Los Angeles	West	Pacific	Los Angeles Lakers	Lakers
15	15	MEM	Memphis	West	Southwest	Memphis Grizzlies	Grizzlies
16	16	MIA	Miami	East	Southeast	Miami Heat	Heat
17	17	MIL	Milwaukee	East	Central	Milwaukee Bucks	Bucks
18	18	MIN	Minnesota	West	Northwest	Minnesota Timberwolves	Timberwolves
19	19	NOP	New Orleans	West	Southwest	New Orleans Pelicans	Pelicans
20	20	NYK	New York	East	Atlantic	New York Knicks	Knicks
21	21	OKC	Oklahoma City	West	Northwest	Oklahoma City Thunder	Thunder
22	22	ORL	Orlando	East	Southeast	Orlando Magic	Magic
23	23	PHI	Philadelphia	East	Atlantic	Philadelphia 76ers	76ers
24	24	PHX	Phoenix	West	Pacific	Phoenix Suns	Suns
25	25	POR	Portland	West	Northwest	Portland Trail Blazers	Trail Blazers
26	26	SAC	Sacramento	West	Pacific	Sacramento Kings	Kings
27	27	SAS	San Antonio	West	Southwest	San Antonio Spurs	Spurs
28	28	TOR	Toronto	East	Atlantic	Toronto Raptors	Raptors
29	29	UTA	Utah	West	Northwest	Utah Jazz	Jazz
30	30	WAS	Washington	East	Southeast	Washington Wizards	Wizards
31	37	CHS		    		Chicago Stags	Chicago Stags
32	38	BOM		    		St. Louis Bombers	St. Louis Bombers
33	39	CLR		    		Cleveland Rebels	Cleveland Rebels
34	40	DEF		    		Detroit Falcons	Detroit Falcons
35	41	HUS		    		Toronto Huskies	Toronto Huskies
36	42	WAS		    		Washington Capitols	Washington Capitols
37	43	PRO		    		Providence Steamrollers	Providence Steamrollers
38	44	PIT		    		Pittsburgh Ironmen	Pittsburgh Ironmen
39	45	BAL		    		Baltimore Bullets	Baltimore Bullets
40	46	JET		    		Indianapolis Jets	Indianapolis Jets
41	47	AND		    		Anderson Packers	Anderson Packers
42	48	WAT		    		Waterloo Hawks	Waterloo Hawks
43	49	INO		    		Indianapolis Olympians	Indianapolis Olympians
44	50	DN		    		Denver Nuggets	Denver Nuggets
45	51	SHE		    		Sheboygan Redskins	Sheboygan Redskins
\.


--
-- Name: auth_group_id_seq; Type: SEQUENCE SET; Schema: public; Owner: nba_superuser
--

SELECT pg_catalog.setval('public.auth_group_id_seq', 1, false);


--
-- Name: auth_group_permissions_id_seq; Type: SEQUENCE SET; Schema: public; Owner: nba_superuser
--

SELECT pg_catalog.setval('public.auth_group_permissions_id_seq', 1, false);


--
-- Name: auth_permission_id_seq; Type: SEQUENCE SET; Schema: public; Owner: nba_superuser
--

SELECT pg_catalog.setval('public.auth_permission_id_seq', 36, true);


--
-- Name: auth_user_groups_id_seq; Type: SEQUENCE SET; Schema: public; Owner: nba_superuser
--

SELECT pg_catalog.setval('public.auth_user_groups_id_seq', 1, false);


--
-- Name: auth_user_id_seq; Type: SEQUENCE SET; Schema: public; Owner: nba_superuser
--

SELECT pg_catalog.setval('public.auth_user_id_seq', 1, true);


--
-- Name: auth_user_user_permissions_id_seq; Type: SEQUENCE SET; Schema: public; Owner: nba_superuser
--

SELECT pg_catalog.setval('public.auth_user_user_permissions_id_seq', 1, false);


--
-- Name: django_admin_log_id_seq; Type: SEQUENCE SET; Schema: public; Owner: nba_superuser
--

SELECT pg_catalog.setval('public.django_admin_log_id_seq', 1, false);


--
-- Name: django_content_type_id_seq; Type: SEQUENCE SET; Schema: public; Owner: nba_superuser
--

SELECT pg_catalog.setval('public.django_content_type_id_seq', 9, true);


--
-- Name: django_migrations_id_seq; Type: SEQUENCE SET; Schema: public; Owner: nba_superuser
--

SELECT pg_catalog.setval('public.django_migrations_id_seq', 19, true);


--
-- Name: nba_data_game_id_seq; Type: SEQUENCE SET; Schema: public; Owner: nba_superuser
--

SELECT pg_catalog.setval('public.nba_data_game_id_seq', 1217, true);


--
-- Name: nba_data_player_id_seq; Type: SEQUENCE SET; Schema: public; Owner: nba_superuser
--

SELECT pg_catalog.setval('public.nba_data_player_id_seq', 725, true);


--
-- Name: nba_data_team_id_seq; Type: SEQUENCE SET; Schema: public; Owner: nba_superuser
--

SELECT pg_catalog.setval('public.nba_data_team_id_seq', 45, true);


--
-- Name: auth_group auth_group_name_key; Type: CONSTRAINT; Schema: public; Owner: nba_superuser
--

ALTER TABLE ONLY public.auth_group
    ADD CONSTRAINT auth_group_name_key UNIQUE (name);


--
-- Name: auth_group_permissions auth_group_permissions_group_id_permission_id_0cd325b0_uniq; Type: CONSTRAINT; Schema: public; Owner: nba_superuser
--

ALTER TABLE ONLY public.auth_group_permissions
    ADD CONSTRAINT auth_group_permissions_group_id_permission_id_0cd325b0_uniq UNIQUE (group_id, permission_id);


--
-- Name: auth_group_permissions auth_group_permissions_pkey; Type: CONSTRAINT; Schema: public; Owner: nba_superuser
--

ALTER TABLE ONLY public.auth_group_permissions
    ADD CONSTRAINT auth_group_permissions_pkey PRIMARY KEY (id);


--
-- Name: auth_group auth_group_pkey; Type: CONSTRAINT; Schema: public; Owner: nba_superuser
--

ALTER TABLE ONLY public.auth_group
    ADD CONSTRAINT auth_group_pkey PRIMARY KEY (id);


--
-- Name: auth_permission auth_permission_content_type_id_codename_01ab375a_uniq; Type: CONSTRAINT; Schema: public; Owner: nba_superuser
--

ALTER TABLE ONLY public.auth_permission
    ADD CONSTRAINT auth_permission_content_type_id_codename_01ab375a_uniq UNIQUE (content_type_id, codename);


--
-- Name: auth_permission auth_permission_pkey; Type: CONSTRAINT; Schema: public; Owner: nba_superuser
--

ALTER TABLE ONLY public.auth_permission
    ADD CONSTRAINT auth_permission_pkey PRIMARY KEY (id);


--
-- Name: auth_user_groups auth_user_groups_pkey; Type: CONSTRAINT; Schema: public; Owner: nba_superuser
--

ALTER TABLE ONLY public.auth_user_groups
    ADD CONSTRAINT auth_user_groups_pkey PRIMARY KEY (id);


--
-- Name: auth_user_groups auth_user_groups_user_id_group_id_94350c0c_uniq; Type: CONSTRAINT; Schema: public; Owner: nba_superuser
--

ALTER TABLE ONLY public.auth_user_groups
    ADD CONSTRAINT auth_user_groups_user_id_group_id_94350c0c_uniq UNIQUE (user_id, group_id);


--
-- Name: auth_user auth_user_pkey; Type: CONSTRAINT; Schema: public; Owner: nba_superuser
--

ALTER TABLE ONLY public.auth_user
    ADD CONSTRAINT auth_user_pkey PRIMARY KEY (id);


--
-- Name: auth_user_user_permissions auth_user_user_permissions_pkey; Type: CONSTRAINT; Schema: public; Owner: nba_superuser
--

ALTER TABLE ONLY public.auth_user_user_permissions
    ADD CONSTRAINT auth_user_user_permissions_pkey PRIMARY KEY (id);


--
-- Name: auth_user_user_permissions auth_user_user_permissions_user_id_permission_id_14a6b632_uniq; Type: CONSTRAINT; Schema: public; Owner: nba_superuser
--

ALTER TABLE ONLY public.auth_user_user_permissions
    ADD CONSTRAINT auth_user_user_permissions_user_id_permission_id_14a6b632_uniq UNIQUE (user_id, permission_id);


--
-- Name: auth_user auth_user_username_key; Type: CONSTRAINT; Schema: public; Owner: nba_superuser
--

ALTER TABLE ONLY public.auth_user
    ADD CONSTRAINT auth_user_username_key UNIQUE (username);


--
-- Name: django_admin_log django_admin_log_pkey; Type: CONSTRAINT; Schema: public; Owner: nba_superuser
--

ALTER TABLE ONLY public.django_admin_log
    ADD CONSTRAINT django_admin_log_pkey PRIMARY KEY (id);


--
-- Name: django_content_type django_content_type_app_label_model_76bd3d3b_uniq; Type: CONSTRAINT; Schema: public; Owner: nba_superuser
--

ALTER TABLE ONLY public.django_content_type
    ADD CONSTRAINT django_content_type_app_label_model_76bd3d3b_uniq UNIQUE (app_label, model);


--
-- Name: django_content_type django_content_type_pkey; Type: CONSTRAINT; Schema: public; Owner: nba_superuser
--

ALTER TABLE ONLY public.django_content_type
    ADD CONSTRAINT django_content_type_pkey PRIMARY KEY (id);


--
-- Name: django_migrations django_migrations_pkey; Type: CONSTRAINT; Schema: public; Owner: nba_superuser
--

ALTER TABLE ONLY public.django_migrations
    ADD CONSTRAINT django_migrations_pkey PRIMARY KEY (id);


--
-- Name: django_session django_session_pkey; Type: CONSTRAINT; Schema: public; Owner: nba_superuser
--

ALTER TABLE ONLY public.django_session
    ADD CONSTRAINT django_session_pkey PRIMARY KEY (session_key);


--
-- Name: nba_data_game nba_data_game_game_id_key; Type: CONSTRAINT; Schema: public; Owner: nba_superuser
--

ALTER TABLE ONLY public.nba_data_game
    ADD CONSTRAINT nba_data_game_game_id_key UNIQUE (game_id);


--
-- Name: nba_data_game nba_data_game_pkey; Type: CONSTRAINT; Schema: public; Owner: nba_superuser
--

ALTER TABLE ONLY public.nba_data_game
    ADD CONSTRAINT nba_data_game_pkey PRIMARY KEY (id);


--
-- Name: nba_data_player nba_data_player_pkey; Type: CONSTRAINT; Schema: public; Owner: nba_superuser
--

ALTER TABLE ONLY public.nba_data_player
    ADD CONSTRAINT nba_data_player_pkey PRIMARY KEY (id);


--
-- Name: nba_data_player nba_data_player_player_id_key; Type: CONSTRAINT; Schema: public; Owner: nba_superuser
--

ALTER TABLE ONLY public.nba_data_player
    ADD CONSTRAINT nba_data_player_player_id_key UNIQUE (player_id);


--
-- Name: nba_data_team nba_data_team_pkey; Type: CONSTRAINT; Schema: public; Owner: nba_superuser
--

ALTER TABLE ONLY public.nba_data_team
    ADD CONSTRAINT nba_data_team_pkey PRIMARY KEY (id);


--
-- Name: nba_data_team nba_data_team_team_id_key; Type: CONSTRAINT; Schema: public; Owner: nba_superuser
--

ALTER TABLE ONLY public.nba_data_team
    ADD CONSTRAINT nba_data_team_team_id_key UNIQUE (team_id);


--
-- Name: auth_group_name_a6ea08ec_like; Type: INDEX; Schema: public; Owner: nba_superuser
--

CREATE INDEX auth_group_name_a6ea08ec_like ON public.auth_group USING btree (name varchar_pattern_ops);


--
-- Name: auth_group_permissions_group_id_b120cbf9; Type: INDEX; Schema: public; Owner: nba_superuser
--

CREATE INDEX auth_group_permissions_group_id_b120cbf9 ON public.auth_group_permissions USING btree (group_id);


--
-- Name: auth_group_permissions_permission_id_84c5c92e; Type: INDEX; Schema: public; Owner: nba_superuser
--

CREATE INDEX auth_group_permissions_permission_id_84c5c92e ON public.auth_group_permissions USING btree (permission_id);


--
-- Name: auth_permission_content_type_id_2f476e4b; Type: INDEX; Schema: public; Owner: nba_superuser
--

CREATE INDEX auth_permission_content_type_id_2f476e4b ON public.auth_permission USING btree (content_type_id);


--
-- Name: auth_user_groups_group_id_97559544; Type: INDEX; Schema: public; Owner: nba_superuser
--

CREATE INDEX auth_user_groups_group_id_97559544 ON public.auth_user_groups USING btree (group_id);


--
-- Name: auth_user_groups_user_id_6a12ed8b; Type: INDEX; Schema: public; Owner: nba_superuser
--

CREATE INDEX auth_user_groups_user_id_6a12ed8b ON public.auth_user_groups USING btree (user_id);


--
-- Name: auth_user_user_permissions_permission_id_1fbb5f2c; Type: INDEX; Schema: public; Owner: nba_superuser
--

CREATE INDEX auth_user_user_permissions_permission_id_1fbb5f2c ON public.auth_user_user_permissions USING btree (permission_id);


--
-- Name: auth_user_user_permissions_user_id_a95ead1b; Type: INDEX; Schema: public; Owner: nba_superuser
--

CREATE INDEX auth_user_user_permissions_user_id_a95ead1b ON public.auth_user_user_permissions USING btree (user_id);


--
-- Name: auth_user_username_6821ab7c_like; Type: INDEX; Schema: public; Owner: nba_superuser
--

CREATE INDEX auth_user_username_6821ab7c_like ON public.auth_user USING btree (username varchar_pattern_ops);


--
-- Name: django_admin_log_content_type_id_c4bce8eb; Type: INDEX; Schema: public; Owner: nba_superuser
--

CREATE INDEX django_admin_log_content_type_id_c4bce8eb ON public.django_admin_log USING btree (content_type_id);


--
-- Name: django_admin_log_user_id_c564eba6; Type: INDEX; Schema: public; Owner: nba_superuser
--

CREATE INDEX django_admin_log_user_id_c564eba6 ON public.django_admin_log USING btree (user_id);


--
-- Name: django_session_expire_date_a5c62663; Type: INDEX; Schema: public; Owner: nba_superuser
--

CREATE INDEX django_session_expire_date_a5c62663 ON public.django_session USING btree (expire_date);


--
-- Name: django_session_session_key_c0390e0f_like; Type: INDEX; Schema: public; Owner: nba_superuser
--

CREATE INDEX django_session_session_key_c0390e0f_like ON public.django_session USING btree (session_key varchar_pattern_ops);


--
-- Name: nba_data_game_home_team_id_13e83436; Type: INDEX; Schema: public; Owner: nba_superuser
--

CREATE INDEX nba_data_game_home_team_id_13e83436 ON public.nba_data_game USING btree (home_team_id);


--
-- Name: nba_data_game_visitor_team_id_7d7df058; Type: INDEX; Schema: public; Owner: nba_superuser
--

CREATE INDEX nba_data_game_visitor_team_id_7d7df058 ON public.nba_data_game USING btree (visitor_team_id);


--
-- Name: nba_data_player_team_id_c0f3a2d7; Type: INDEX; Schema: public; Owner: nba_superuser
--

CREATE INDEX nba_data_player_team_id_c0f3a2d7 ON public.nba_data_player USING btree (team_id);


--
-- Name: auth_group_permissions auth_group_permissio_permission_id_84c5c92e_fk_auth_perm; Type: FK CONSTRAINT; Schema: public; Owner: nba_superuser
--

ALTER TABLE ONLY public.auth_group_permissions
    ADD CONSTRAINT auth_group_permissio_permission_id_84c5c92e_fk_auth_perm FOREIGN KEY (permission_id) REFERENCES public.auth_permission(id) DEFERRABLE INITIALLY DEFERRED;


--
-- Name: auth_group_permissions auth_group_permissions_group_id_b120cbf9_fk_auth_group_id; Type: FK CONSTRAINT; Schema: public; Owner: nba_superuser
--

ALTER TABLE ONLY public.auth_group_permissions
    ADD CONSTRAINT auth_group_permissions_group_id_b120cbf9_fk_auth_group_id FOREIGN KEY (group_id) REFERENCES public.auth_group(id) DEFERRABLE INITIALLY DEFERRED;


--
-- Name: auth_permission auth_permission_content_type_id_2f476e4b_fk_django_co; Type: FK CONSTRAINT; Schema: public; Owner: nba_superuser
--

ALTER TABLE ONLY public.auth_permission
    ADD CONSTRAINT auth_permission_content_type_id_2f476e4b_fk_django_co FOREIGN KEY (content_type_id) REFERENCES public.django_content_type(id) DEFERRABLE INITIALLY DEFERRED;


--
-- Name: auth_user_groups auth_user_groups_group_id_97559544_fk_auth_group_id; Type: FK CONSTRAINT; Schema: public; Owner: nba_superuser
--

ALTER TABLE ONLY public.auth_user_groups
    ADD CONSTRAINT auth_user_groups_group_id_97559544_fk_auth_group_id FOREIGN KEY (group_id) REFERENCES public.auth_group(id) DEFERRABLE INITIALLY DEFERRED;


--
-- Name: auth_user_groups auth_user_groups_user_id_6a12ed8b_fk_auth_user_id; Type: FK CONSTRAINT; Schema: public; Owner: nba_superuser
--

ALTER TABLE ONLY public.auth_user_groups
    ADD CONSTRAINT auth_user_groups_user_id_6a12ed8b_fk_auth_user_id FOREIGN KEY (user_id) REFERENCES public.auth_user(id) DEFERRABLE INITIALLY DEFERRED;


--
-- Name: auth_user_user_permissions auth_user_user_permi_permission_id_1fbb5f2c_fk_auth_perm; Type: FK CONSTRAINT; Schema: public; Owner: nba_superuser
--

ALTER TABLE ONLY public.auth_user_user_permissions
    ADD CONSTRAINT auth_user_user_permi_permission_id_1fbb5f2c_fk_auth_perm FOREIGN KEY (permission_id) REFERENCES public.auth_permission(id) DEFERRABLE INITIALLY DEFERRED;


--
-- Name: auth_user_user_permissions auth_user_user_permissions_user_id_a95ead1b_fk_auth_user_id; Type: FK CONSTRAINT; Schema: public; Owner: nba_superuser
--

ALTER TABLE ONLY public.auth_user_user_permissions
    ADD CONSTRAINT auth_user_user_permissions_user_id_a95ead1b_fk_auth_user_id FOREIGN KEY (user_id) REFERENCES public.auth_user(id) DEFERRABLE INITIALLY DEFERRED;


--
-- Name: django_admin_log django_admin_log_content_type_id_c4bce8eb_fk_django_co; Type: FK CONSTRAINT; Schema: public; Owner: nba_superuser
--

ALTER TABLE ONLY public.django_admin_log
    ADD CONSTRAINT django_admin_log_content_type_id_c4bce8eb_fk_django_co FOREIGN KEY (content_type_id) REFERENCES public.django_content_type(id) DEFERRABLE INITIALLY DEFERRED;


--
-- Name: django_admin_log django_admin_log_user_id_c564eba6_fk_auth_user_id; Type: FK CONSTRAINT; Schema: public; Owner: nba_superuser
--

ALTER TABLE ONLY public.django_admin_log
    ADD CONSTRAINT django_admin_log_user_id_c564eba6_fk_auth_user_id FOREIGN KEY (user_id) REFERENCES public.auth_user(id) DEFERRABLE INITIALLY DEFERRED;


--
-- Name: nba_data_game nba_data_game_home_team_id_13e83436_fk_nba_data_team_id; Type: FK CONSTRAINT; Schema: public; Owner: nba_superuser
--

ALTER TABLE ONLY public.nba_data_game
    ADD CONSTRAINT nba_data_game_home_team_id_13e83436_fk_nba_data_team_id FOREIGN KEY (home_team_id) REFERENCES public.nba_data_team(id) DEFERRABLE INITIALLY DEFERRED;


--
-- Name: nba_data_game nba_data_game_visitor_team_id_7d7df058_fk_nba_data_team_id; Type: FK CONSTRAINT; Schema: public; Owner: nba_superuser
--

ALTER TABLE ONLY public.nba_data_game
    ADD CONSTRAINT nba_data_game_visitor_team_id_7d7df058_fk_nba_data_team_id FOREIGN KEY (visitor_team_id) REFERENCES public.nba_data_team(id) DEFERRABLE INITIALLY DEFERRED;


--
-- Name: nba_data_player nba_data_player_team_id_c0f3a2d7_fk_nba_data_team_id; Type: FK CONSTRAINT; Schema: public; Owner: nba_superuser
--

ALTER TABLE ONLY public.nba_data_player
    ADD CONSTRAINT nba_data_player_team_id_c0f3a2d7_fk_nba_data_team_id FOREIGN KEY (team_id) REFERENCES public.nba_data_team(id) DEFERRABLE INITIALLY DEFERRED;


--
-- PostgreSQL database dump complete
--

