id,game_id,date,datetime,home_team_score,visitor_team_score,season,status,period,time,postseason,home_team_id,visitor_team_id
1218,127502,2020-12-22,,125,99,2020,Final,4,,False,3,10
1219,127503,2020-12-22,,109,116,2020,Final,4,,False,14,13
1220,127504,2020-12-23,,121,114,2020,Final,4,,False,6,4
1221,127512,2020-12-23,,111,101,2020,Final,4,,False,18,9
1222,127514,2020-12-23,,122,124,2020,Final,5,,False,8,26
1223,127508,2020-12-23,,122,121,2020,Final,4,,False,2,17
1224,127510,2020-12-23,,104,124,2020,Final,4,,False,5,1
1225,127513,2020-12-23,,119,131,2020,Final,4,,False,15,27
1226,127507,2020-12-23,,113,107,2020,Final,4,,False,23,30
1227,127506,2020-12-23,,113,107,2020,Final,4,,False,22,16
1228,127505,2020-12-23,,121,107,2020,Final,4,,False,12,20
1229,127509,2020-12-23,,99,113,2020,Final,4,,False,28,19
1230,127515,2020-12-23,,100,120,2020,Final,4,,False,25,29
1231,127516,2020-12-23,,106,102,2020,Final,4,,False,24,7
1232,127519,2020-12-25,,111,98,2020,Final,4,,False,16,19
1233,127521,2020-12-25,,138,99,2020,Final,4,,False,17,10
1234,127517,2020-12-25,,95,123,2020,Final,4,,False,2,3
1235,127520,2020-12-25,,138,115,2020,Final,4,,False,14,7
1236,127518,2020-12-25,,108,121,2020,Final,4,,False,8,13
1237,127526,2020-12-26,,120,130,2020,Final,4,,False,30,22
1239,127524,2020-12-26,,119,128,2020,Final,6,,False,9,6
1240,127525,2020-12-26,,107,109,2020,Final,4,,False,4,21
1241,127522,2020-12-26,,89,109,2020,Final,4,,False,20,23
1242,127527,2020-12-26,,106,125,2020,Final,4,,False,5,12
1243,127523,2020-12-26,,111,116,2020,Final,4,,False,29,18
1238,127528,2020-12-26,,112,122,2020,Final,4,,False,15,1
1244,127532,2020-12-27,,100,116,2020,Final,4,,False,26,24
1245,127535,2020-12-27,,118,94,2020,Final,4,,False,6,23
1246,127541,2020-12-27,,127,91,2020,Final,4,,False,14,18
1247,127534,2020-12-27,,128,129,2020,Final,4,,False,5,10
1248,127533,2020-12-27,,108,107,2020,Final,4,,False,12,2
1249,127538,2020-12-27,,130,110,2020,Final,4,,False,20,17
1250,127540,2020-12-27,,73,124,2020,Final,4,,False,13,7
1251,127536,2020-12-27,,106,104,2020,Final,4,,False,4,3
1252,127539,2020-12-27,,113,120,2020,Final,4,,False,30,22
1253,127537,2020-12-27,,98,95,2020,Final,4,,False,19,27
1254,127544,2020-12-28,,111,116,2020,Final,5,,False,3,15
1255,127543,2020-12-28,,109,110,2020,Final,4,,False,21,29
1256,127546,2020-12-28,,124,111,2020,Final,4,,False,8,11
1257,127545,2020-12-28,,107,115,2020,Final,4,,False,14,25
1258,127542,2020-12-28,,128,120,2020,Final,4,,False,1,9
1259,127550,2020-12-29,,124,101,2020,Final,4,,False,13,18
1260,127547,2020-12-29,,100,93,2020,Final,4,,False,23,28
1261,127553,2020-12-29,,86,95,2020,Final,4,,False,6,20
1262,127551,2020-12-29,,111,86,2020,Final,4,,False,24,19
1263,127554,2020-12-29,,97,144,2020,Final,4,,False,16,17
1264,127552,2020-12-29,,106,116,2020,Final,4,,False,9,10
1265,127556,2020-12-29,,125,115,2020,Final,4,,False,26,8
1266,127549,2020-12-29,,107,118,2020,Final,4,,False,21,22
1267,127558,2020-12-30,,119,108,2020,Final,4,,False,16,17
1268,127560,2020-12-30,,107,121,2020,Final,4,,False,27,14
1269,127557,2020-12-30,,126,107,2020,Final,4,,False,2,15
1270,127561,2020-12-30,,99,118,2020,Final,4,,False,7,4
1271,127562,2020-12-30,,128,105,2020,Final,4,,False,13,25
1272,127559,2020-12-30,,145,141,2020,Final,4,,False,3,1
1273,127565,2020-12-31,,130,133,2020,Final,4,,False,30,5
1274,127569,2020-12-31,,122,119,2020,Final,4,,False,11,26
1275,127567,2020-12-31,,119,99,2020,Final,4,,False,12,6
1276,127568,2020-12-31,,100,83,2020,Final,4,,False,28,20
1277,127563,2020-12-31,,92,116,2020,Final,4,,False,22,23
1278,127564,2020-12-31,,80,113,2020,Final,4,,False,21,19
1279,127566,2020-12-31,,95,106,2020,Final,4,,False,29,24
1280,127579,2021-01-01,,106,100,2020,Final,4,,False,29,13
1281,127576,2021-01-01,,93,83,2020,Final,4,,False,7,16
1282,127573,2021-01-01,,98,123,2020,Final,4,,False,10,25
1283,127575,2021-01-01,,103,106,2020,Final,4,,False,8,24
1284,127572,2021-01-01,,109,130,2020,Final,4,,False,18,30
1285,127578,2021-01-01,,126,96,2020,Final,4,,False,17,5
1286,127577,2021-01-01,,93,108,2020,Final,4,,False,4,15
1287,127574,2021-01-01,,96,114,2020,Final,4,,False,3,1
1288,127570,2021-01-01,,96,93,2020,Final,4,,False,9,2
1289,127571,2021-01-01,,103,109,2020,Final,4,,False,27,14
1291,127580,2021-01-02,,120,116,2020,Final,4,,False,19,28
1290,127585,2021-01-02,,99,108,2020,Final,4,,False,22,21
1292,127581,2021-01-02,,91,96,2020,Final,4,,False,1,6
1293,127583,2021-01-02,,127,112,2020,Final,4,,False,23,4
1294,127591,2021-01-03,,122,123,2020,Final,4,,False,3,30
1295,127590,2021-01-03,,120,122,2020,Final,4,,False,9,2
1296,127587,2021-01-03,,137,122,2020,Final,4,,False,10,25
1297,127589,2021-01-03,,94,108,2020,Final,4,,False,15,14
1298,127593,2021-01-03,,107,112,2020,Final,4,,False,24,13
1299,127588,2021-01-03,,109,124,2020,Final,4,,False,18,8
1300,127586,2021-01-03,,118,108,2020,Final,4,,False,5,7
1301,127592,2021-01-03,,109,130,2020,Final,4,,False,27,29
1302,127596,2021-01-04,,108,113,2020,Final,4,,False,1,20
1303,127597,2021-01-04,,118,101,2020,Final,4,,False,23,4
1304,127600,2021-01-04,,118,90,2020,Final,4,,False,16,21
1305,127599,2021-01-04,,125,115,2020,Final,4,,False,17,9
1306,127594,2021-01-04,,116,118,2020,Final,5,,False,19,12
1307,127595,2021-01-04,,100,113,2020,Final,4,,False,11,7
1308,127602,2021-01-04,,137,106,2020,Final,4,,False,10,26
1309,127598,2021-01-04,,114,126,2020,Final,4,,False,28,2
1310,127601,2021-01-04,,103,83,2020,Final,4,,False,22,6
1311,127606,2021-01-05,,92,94,2020,Final,4,,False,15,14
1313,127603,2021-01-05,,130,96,2020,Final,4,,False,3,29
1314,127607,2021-01-05,,108,111,2020,Final,4,,False,25,5
1315,127604,2021-01-05,,123,116,2020,Final,4,,False,8,18
1312,127605,2021-01-05,,113,116,2020,Final,4,,False,13,27
1316,127617,2021-01-06,,130,115,2020,Final,4,,False,17,9
1317,127609,2021-01-06,,141,136,2020,Final,4,,False,23,30
1318,127616,2021-01-06,,112,100,2020,Final,4,,False,20,29
1319,127618,2021-01-06,,128,124,2020,Final,4,,False,26,5
1320,127610,2021-01-06,,105,94,2020,Final,4,,False,22,6
1321,127614,2021-01-06,,123,115,2020,Final,4,,False,24,28
1322,127613,2021-01-06,,101,108,2020,Final,4,,False,10,13
1323,127615,2021-01-06,,110,111,2020,Final,4,,False,19,21
1324,127608,2021-01-06,,105,107,2020,Final,4,,False,16,2
1325,127612,2021-01-06,,114,107,2020,Final,4,,False,12,11
1326,127611,2021-01-06,,94,102,2020,Final,4,,False,1,4
1327,127622,2021-01-07,,117,124,2020,Final,5,,False,8,7
1328,127623,2021-01-07,,90,94,2020,Final,4,,False,15,6
1329,127619,2021-01-07,,122,109,2020,Final,4,,False,3,23
1330,127621,2021-01-07,,109,118,2020,Final,4,,False,14,27
1331,127620,2021-01-07,,135,117,2020,Final,4,,False,25,18
1332,127629,2021-01-08,,115,105,2020,Final,4,,False,10,13
1333,127633,2021-01-08,,118,131,2020,Final,4,,False,17,29
1334,127626,2021-01-08,,132,90,2020,Final,4,,False,11,22
1335,127631,2021-01-08,,123,144,2020,Final,4,,False,26,28
1336,127625,2021-01-08,,110,118,2020,Final,4,,False,19,4
1337,127632,2021-01-08,,117,115,2020,Final,4,,False,14,5
1338,127628,2021-01-08,,89,101,2020,Final,4,,False,20,21
1339,127630,2021-01-08,,110,105,2020,Final,5,,False,9,24
1340,127624,2021-01-08,,115,110,2020,Final,4,,False,15,3
1341,127636,2021-01-09,,122,125,2020,Final,5,,False,18,27
1342,127634,2021-01-09,,100,90,2020,Final,4,,False,17,6
1343,127639,2021-01-09,,103,115,2020,Final,4,,False,23,8
1344,127637,2021-01-09,,117,125,2020,Final,4,,False,12,24
1345,127641,2021-01-09,,113,105,2020,Final,4,,False,4,1
1346,127638,2021-01-09,,124,128,2020,Final,4,,False,30,16
1347,127635,2021-01-09,,99,125,2020,Final,4,,False,26,25
1348,127640,2021-01-09,,112,98,2020,Final,4,,False,7,22
1349,127645,2021-01-10,,130,127,2020,Final,4,,False,13,5
1350,127644,2021-01-10,,102,120,2020,Final,4,,False,11,14
1351,127647,2021-01-10,,116,129,2020,Final,4,,False,3,21
1352,127648,2021-01-10,,96,88,2020,Final,4,,False,18,27
1353,127646,2021-01-10,,89,114,2020,Final,4,,False,20,8
1354,127649,2021-01-10,,86,96,2020,Final,4,,False,9,29
1355,127642,2021-01-10,,106,105,2020,Final,4,,False,10,28
1356,127650,2021-01-11,,91,101,2020,Final,4,,False,6,15
1357,127652,2021-01-11,,112,111,2020,Final,4,,False,25,28
1358,127654,2021-01-11,,128,107,2020,Final,4,,False,30,24
1359,127653,2021-01-11,,99,121,2020,Final,4,,False,22,17
1360,127657,2021-01-11,,109,88,2020,Final,4,,False,4,20
1361,127651,2021-01-11,,127,122,2020,Final,4,,False,26,12
1362,127655,2021-01-11,,112,94,2020,Final,4,,False,1,23
1364,157583,2021-01-12,,121,99,2020,Final,4,,False,5,2
1365,157586,2021-01-12,,100,117,2020,Final,4,,False,11,14
1363,157585,2021-01-12,,137,134,2020,Final,5,,False,23,16
1366,157584,2021-01-12,,122,116,2020,Final,4,,False,3,8
1367,157580,2021-01-12,,102,112,2020,Final,4,,False,21,27
1368,127668,2021-01-13,,101,110,2020,Final,4,,False,9,17
1369,156691,2021-01-13,,126,132,2020,Final,4,,False,26,25
1370,156680,2021-01-13,,111,106,2020,Final,4,,False,13,19
1371,157589,2021-01-13,,131,122,2020,Final,4,,False,30,29
1372,157594,2021-01-13,,117,110,2020,Final,4,,False,24,1
1373,156557,2021-01-13,,107,118,2020,Final,4,,False,18,15
1374,157588,2021-01-13,,112,96,2020,Final,4,,False,2,22
1375,127669,2021-01-13,,93,104,2020,Final,4,,False,4,7
1376,156558,2021-01-13,,99,128,2020,Final,4,,False,21,14
1377,156556,2021-01-13,,109,116,2020,Final,4,,False,20,3
4000,857843,2022-12-23,,120,107,2022,Final,4,Final,False,8,25
2482,473592,2021-11-12,,83,107,2021,Final,4,,False,14,18
1378,157601,2021-01-14,,105,109,2020,Final,4,,False,27,11
1379,157599,2021-01-14,,125,108,2020,Final,4,,False,23,16
1380,157598,2021-01-14,,111,108,2020,Final,4,,False,28,4
1381,157600,2021-01-14,,114,104,2020,Final,4,,False,8,10
1382,157597,2021-01-14,,87,111,2020,Final,4,,False,25,12
1383,127684,2021-01-15,,127,125,2020,Final,5,,False,21,5
1388,127689,2021-01-15,,100,138,2020,Final,4,,False,26,13
1385,127688,2021-01-15,,120,91,2020,Final,4,,False,9,30
1389,127685,2021-01-15,,106,103,2020,Final,4,,False,6,20
1390,127683,2021-01-15,,120,98,2020,Final,4,,False,24,10
1387,127680,2021-01-15,,135,139,2020,Final,4,,False,18,15
1386,127682,2021-01-15,,112,95,2020,Final,4,,False,14,19
1384,127687,2021-01-15,,112,109,2020,Final,4,,False,17,7
1391,127692,2021-01-16,,122,115,2020,Final,4,,False,3,22
1392,127694,2021-01-16,,111,122,2020,Final,4,,False,24,12
1393,127693,2021-01-16,,100,120,2020,Final,4,,False,16,9
1394,127696,2021-01-16,,106,104,2020,Final,4,,False,15,23
1395,127691,2021-01-16,,116,113,2020,Final,4,,False,28,4
1396,127695,2021-01-16,,112,106,2020,Final,4,,False,25,1
1397,127690,2021-01-16,,103,91,2020,Final,4,,False,27,11
1398,127699,2021-01-17,,93,117,2020,Final,4,,False,21,23
1399,127701,2021-01-17,,119,110,2020,Final,4,,False,30,6
1400,127698,2021-01-17,,129,96,2020,Final,4,,False,13,12
1401,127697,2021-01-17,,123,128,2020,Final,4,,False,26,19
1402,127700,2021-01-17,,75,105,2020,Final,4,,False,2,20
1403,127702,2021-01-17,,101,117,2020,Final,4,,False,7,5
1404,127703,2021-01-17,,105,109,2020,Final,4,,False,8,29
1405,127710,2021-01-18,,125,123,2020,Final,4,,False,3,17
1407,127709,2021-01-18,,104,125,2020,Final,4,,False,25,27
1409,127708,2021-01-18,,113,107,2020,Final,4,,False,16,9
1410,127711,2021-01-18,,113,115,2020,Final,4,,False,14,10
1411,127707,2021-01-18,,108,104,2020,Final,4,,False,15,24
1406,127704,2021-01-18,,91,84,2020,Final,4,,False,20,22
1412,127706,2021-01-18,,108,97,2020,Final,4,,False,1,18
1408,127713,2021-01-18,,116,93,2020,Final,4,,False,28,7
1413,127715,2021-01-19,,118,102,2020,Final,4,,False,29,19
1414,127714,2021-01-19,,119,101,2020,Final,4,,False,8,21
1415,127724,2021-01-20,,121,99,2020,Final,4,,False,10,27
1416,127722,2021-01-20,,123,115,2020,Final,5,,False,1,9
1417,127719,2021-01-20,,103,109,2020,Final,4,,False,11,24
1418,127716,2021-01-20,,117,109,2020,Final,4,,False,23,2
1419,127726,2021-01-20,,128,130,2020,Final,4,,False,25,15
1420,127718,2021-01-20,,112,124,2020,Final,4,,False,12,7
1421,127723,2021-01-20,,119,97,2020,Final,4,,False,4,30
1422,127717,2021-01-20,,147,135,2020,Final,6,,False,6,3
1423,127725,2021-01-20,,115,96,2020,Final,4,,False,13,26
1424,127721,2021-01-20,,102,111,2020,Final,4,,False,28,16
1425,127720,2021-01-20,,96,97,2020,Final,4,,False,18,22
1426,127728,2021-01-21,,106,113,2020,Final,4,,False,17,14
1427,127727,2021-01-21,,129,118,2020,Final,4,,False,29,19
1428,127729,2021-01-21,,104,119,2020,Final,4,,False,10,20
1429,127740,2021-01-22,,120,106,2020,Final,4,,False,13,21
1430,127737,2021-01-22,,98,116,2020,Final,4,,False,18,1
1431,127730,2021-01-22,,102,103,2020,Final,4,,False,9,11
1432,127732,2021-01-22,,110,123,2020,Final,4,,False,4,5
1433,127741,2021-01-22,,113,120,2020,Final,4,,False,25,15
1434,127733,2021-01-22,,135,134,2020,Final,4,,False,17,30
1435,127735,2021-01-22,,125,113,2020,Final,4,,False,6,3
1436,127744,2021-01-23,,120,110,2020,Final,4,,False,18,19
1437,127746,2021-01-23,,110,114,2020,Final,4,,False,9,23
1438,127743,2021-01-23,,128,124,2020,Final,4,,False,3,16
1439,127745,2021-01-23,,112,120,2020,Final,6,,False,24,8
1440,127748,2021-01-23,,90,101,2020,Final,4,,False,5,14
1441,127749,2021-01-23,,108,133,2020,Final,4,,False,7,11
1442,127747,2021-01-23,,127,108,2020,Final,4,,False,29,10
1443,127757,2021-01-24,,104,107,2020,Final,4,,False,22,4
1444,127754,2021-01-24,,116,113,2020,Final,4,,False,25,20
1445,127752,2021-01-24,,141,103,2020,Final,4,,False,2,6
1446,127750,2021-01-24,,121,101,2020,Final,4,,False,27,30
1447,127755,2021-01-24,,108,100,2020,Final,4,,False,13,21
1448,127753,2021-01-24,,129,115,2020,Final,4,,False,17,1
1449,127756,2021-01-24,,102,107,2020,Final,4,,False,12,28
1450,127751,2021-01-24,,116,110,2020,Final,4,,False,15,26
1452,127767,2021-01-25,,113,117,2020,Final,4,,False,7,8
1451,127766,2021-01-25,,119,104,2020,Final,4,,False,9,23
2484,473591,2021-11-12,,119,93,2021,Final,4,,False,10,5
4001,857837,2022-12-23,,117,118,2022,Final,4,Final,False,20,5
2486,473590,2021-11-12,,105,103,2021,Final,4,,False,21,26
2487,473589,2021-11-12,,105,96,2021,Final,4,,False,8,1
2481,473582,2021-11-12,,98,78,2021,Final,4,,False,6,9
2483,473583,2021-11-12,,92,104,2021,Final,4,,False,11,25
1457,127765,2021-01-25,,129,114,2020,Final,4,,False,12,28
1453,127759,2021-01-25,,108,115,2020,Final,4,,False,6,14
1458,127760,2021-01-25,,108,110,2020,Final,4,,False,19,27
1454,127764,2021-01-25,,130,108,2020,Final,4,,False,10,18
1456,127768,2021-01-25,,122,125,2020,Final,4,,False,25,21
1455,127761,2021-01-25,,107,106,2020,Final,4,,False,15,26
1459,127769,2021-01-26,,108,94,2020,Final,4,,False,29,20
1460,127771,2021-01-26,,107,88,2020,Final,4,,False,11,30
1461,127770,2021-01-26,,108,99,2020,Final,4,,False,1,13
1462,127779,2021-01-27,,108,115,2020,Final,4,,False,28,17
1463,127783,2021-01-27,,123,111,2020,Final,4,,False,10,18
1464,127778,2021-01-27,,101,90,2020,Final,4,,False,15,5
1465,127772,2021-01-27,,107,121,2020,Final,4,,False,22,26
1466,127776,2021-01-27,,106,116,2020,Final,4,,False,4,12
1467,127782,2021-01-27,,97,102,2020,Final,4,,False,24,21
1468,127777,2021-01-27,,128,132,2020,Final,5,,False,1,3
1469,127774,2021-01-27,,82,109,2020,Final,4,,False,16,8
1470,127781,2021-01-27,,124,106,2020,Final,4,,False,19,30
1471,127784,2021-01-27,,116,104,2020,Final,4,,False,29,7
1472,127773,2021-01-27,,122,107,2020,Final,4,,False,6,9
1473,127780,2021-01-27,,110,106,2020,Final,4,,False,27,2
1474,127775,2021-01-27,,107,106,2020,Final,4,,False,23,14
1477,127787,2021-01-28,,104,101,2020,Final,4,,False,11,25
1475,127785,2021-01-28,,114,93,2020,Final,4,,False,24,10
1476,127786,2021-01-28,,105,109,2020,Final,4,,False,16,13
1478,127798,2021-01-29,,119,109,2020,Final,4,,False,27,8
1479,127791,2021-01-29,,124,126,2020,Final,4,,False,28,26
1480,127792,2021-01-29,,108,105,2020,Final,4,,False,4,12
1481,127790,2021-01-29,,125,147,2020,Final,4,,False,21,3
1482,127789,2021-01-29,,102,81,2020,Final,4,,False,20,6
1483,127796,2021-01-29,,131,126,2020,Final,4,,False,19,17
1484,127793,2021-01-29,,100,116,2020,Final,4,,False,30,1
1485,127795,2021-01-29,,90,116,2020,Final,4,,False,22,13
1486,127797,2021-01-29,,120,101,2020,Final,4,,False,29,7
1487,127794,2021-01-29,,94,118,2020,Final,4,,False,18,23
1488,127799,2021-01-30,,105,104,2020,Final,4,,False,16,26
1489,127805,2021-01-30,,112,129,2020,Final,4,,False,27,15
1490,127806,2021-01-30,,112,126,2020,Final,4,,False,19,11
1491,127803,2021-01-30,,95,96,2020,Final,4,,False,2,14
1492,127802,2021-01-30,,105,111,2020,Final,4,,False,7,24
1493,127800,2021-01-30,,126,114,2020,Final,4,,False,4,17
1494,127804,2021-01-30,,118,91,2020,Final,4,,False,10,9
1495,127801,2021-01-30,,122,123,2020,Final,4,,False,5,25
1496,127809,2021-01-31,,115,102,2020,Final,4,,False,28,22
1497,127807,2021-01-31,,110,119,2020,Final,4,,False,12,23
1499,127808,2021-01-31,,109,104,2020,Final,4,,False,18,6
1500,127811,2021-01-31,,149,146,2020,Final,4,,False,30,3
1501,127810,2021-01-31,,115,129,2020,Final,4,,False,20,13
1498,127812,2021-01-31,,128,117,2020,Final,4,,False,8,29
1502,127814,2021-02-01,,109,118,2020,Final,4,,False,19,26
1503,127813,2021-02-01,,108,109,2020,Final,4,,False,7,24
1504,127820,2021-02-01,,100,98,2020,Final,4,,False,6,18
1505,127822,2021-02-01,,102,133,2020,Final,4,,False,27,15
1506,127817,2021-02-01,,134,106,2020,Final,4,,False,17,25
1507,127821,2021-02-01,,134,119,2020,Final,4,,False,8,9
1508,127818,2021-02-01,,110,102,2020,Final,4,,False,5,20
1509,127819,2021-02-01,,106,136,2020,Final,4,,False,21,11
1510,127816,2021-02-01,,99,107,2020,Final,4,,False,1,14
1511,127815,2021-02-01,,121,129,2020,Final,5,,False,16,4
1512,127824,2021-02-02,,134,116,2020,Final,4,,False,12,15
1513,191883,2021-02-02,,121,132,2020,Final,4,,False,30,25
1514,127826,2021-02-02,,117,105,2020,Final,4,,False,29,9
1515,127825,2021-02-02,,107,111,2020,Final,4,,False,10,2
1516,127827,2021-02-02,,124,120,2020,Final,4,,False,3,13
1517,127823,2021-02-02,,108,123,2020,Final,4,,False,22,28
1518,127837,2021-02-03,,123,101,2020,Final,4,,False,19,24
1519,127831,2021-02-03,,99,121,2020,Final,4,,False,6,13
1520,127834,2021-02-03,,111,118,2020,Final,4,,False,4,23
1521,127835,2021-02-03,,111,108,2020,Final,4,,False,27,18
1522,127836,2021-02-03,,116,111,2020,Final,4,,False,26,2
1523,127829,2021-02-03,,116,122,2020,Final,4,,False,1,7
1524,127828,2021-02-03,,100,103,2020,Final,4,,False,16,30
1525,127842,2021-02-04,,114,93,2020,Final,4,,False,14,8
1526,127841,2021-02-04,,105,121,2020,Final,4,,False,23,25
2485,473587,2021-11-12,,112,120,2021,Final,4,,False,19,3
2488,473598,2021-11-13,,112,101,2021,Final,4,,False,19,15
2489,473594,2021-11-13,,121,127,2021,Final,4,,False,28,9
2490,473596,2021-11-13,,118,113,2021,Final,4,,False,12,23
2491,473599,2021-11-13,,91,89,2021,Final,4,,False,6,2
2492,473593,2021-11-13,,105,111,2021,Final,4,,False,29,16
2493,473595,2021-11-13,,129,102,2021,Final,4,,False,13,18
1527,127838,2021-02-04,,103,115,2020,Final,4,,False,15,11
1528,127839,2021-02-04,,116,147,2020,Final,4,,False,7,10
1529,127840,2021-02-04,,91,112,2020,Final,4,,False,1,29
1530,127850,2021-02-05,,109,92,2020,Final,4,,False,24,9
1531,127847,2021-02-05,,117,123,2020,Final,4,,False,3,28
1532,127843,2021-02-05,,105,123,2020,Final,4,,False,6,17
1533,127849,2021-02-05,,123,119,2020,Final,4,,False,22,5
1534,127846,2021-02-05,,121,138,2020,Final,4,,False,4,29
1535,127844,2021-02-05,,113,114,2020,Final,4,,False,12,19
1536,127848,2021-02-05,,103,106,2020,Final,4,,False,21,18
1537,127845,2021-02-05,,122,95,2020,Final,4,,False,16,30
1538,127851,2021-02-05,,115,119,2020,Final,4,,False,13,2
1546,127854,2021-02-06,,106,111,2020,Final,4,,False,11,27
1548,127853,2021-02-06,,120,118,2020,Final,4,,False,21,18
1549,127861,2021-02-06,,134,132,2020,Final,4,,False,7,10
1544,127852,2021-02-06,,110,99,2020,Final,4,,False,20,25
1539,127859,2021-02-06,,92,118,2020,Final,4,,False,22,5
1543,127856,2021-02-06,,118,109,2020,Final,4,,False,19,15
1545,127860,2021-02-06,,124,108,2020,Final,4,,False,23,3
1540,127857,2021-02-06,,119,114,2020,Final,4,,False,26,8
1541,127858,2021-02-06,,99,124,2020,Final,4,,False,6,17
1542,127862,2021-02-06,,135,129,2020,Final,6,,False,14,9
1547,127855,2021-02-06,,132,121,2020,Final,4,,False,1,28
1550,127867,2021-02-07,,110,113,2020,Final,4,,False,13,26
1551,127866,2021-02-07,,103,109,2020,Final,4,,False,20,16
1552,127865,2021-02-07,,100,91,2020,Final,4,,False,24,2
1553,127864,2021-02-07,,95,103,2020,Final,4,,False,12,29
1554,127863,2021-02-07,,109,101,2020,Final,4,,False,4,25
1555,127870,2021-02-08,,119,113,2020,Final,4,,False,24,6
1556,127871,2021-02-08,,113,128,2020,Final,4,,False,15,28
1557,127874,2021-02-08,,119,94,2020,Final,4,,False,4,11
1558,127869,2021-02-08,,127,122,2020,Final,4,,False,7,18
1559,127868,2021-02-08,,105,100,2020,Final,4,,False,27,10
1560,127875,2021-02-08,,112,125,2020,Final,4,,False,8,17
1561,127872,2021-02-08,,101,105,2020,Final,4,,False,5,30
1562,127873,2021-02-08,,119,112,2020,Final,5,,False,14,21
1564,127877,2021-02-09,,130,101,2020,Final,4,,False,19,11
1565,127881,2021-02-09,,91,114,2020,Final,4,,False,27,10
1566,127878,2021-02-09,,98,96,2020,Final,4,,False,16,20
1563,127882,2021-02-09,,122,108,2020,Final,4,,False,29,2
1567,127879,2021-02-09,,122,111,2020,Final,4,,False,9,3
1568,127886,2021-02-10,,112,119,2020,Final,4,,False,18,13
1569,127884,2021-02-10,,133,95,2020,Final,4,,False,8,6
1570,127887,2021-02-10,,104,94,2020,Final,4,,False,3,12
1571,127889,2021-02-10,,130,114,2020,Final,4,,False,15,4
1572,127883,2021-02-10,,125,124,2020,Final,4,,False,24,17
1573,127885,2021-02-10,,129,116,2020,Final,4,,False,5,19
1574,127890,2021-02-10,,115,137,2020,Final,4,,False,30,28
1575,127888,2021-02-10,,114,113,2020,Final,5,,False,14,21
1576,127891,2021-02-10,,118,117,2020,Final,4,,False,7,1
1577,127893,2021-02-11,,111,105,2020,Final,4,,False,10,22
1578,127895,2021-02-11,,95,111,2020,Final,4,,False,9,12
1579,127892,2021-02-11,,118,114,2020,Final,4,,False,25,23
1580,127894,2021-02-11,,94,101,2020,Final,4,,False,11,16
1581,127902,2021-02-12,,91,109,2020,Final,4,,False,30,20
1582,127900,2021-02-12,,129,110,2020,Final,4,,False,25,6
1583,127897,2021-02-12,,115,105,2020,Final,4,,False,14,15
1584,127901,2021-02-12,,114,125,2020,Final,4,,False,1,27
1585,127903,2021-02-12,,106,125,2020,Final,4,,False,5,13
1586,127906,2021-02-12,,112,123,2020,Final,4,,False,26,22
1587,127899,2021-02-12,,120,106,2020,Final,4,,False,2,28
1588,127896,2021-02-12,,120,114,2020,Final,4,,False,4,18
1589,127904,2021-02-12,,143,130,2020,Final,4,,False,7,19
1590,127905,2021-02-12,,97,95,2020,Final,4,,False,8,21
1591,127910,2021-02-13,,113,125,2020,Final,4,,False,1,12
1592,127908,2021-02-13,,121,99,2020,Final,4,,False,20,11
1593,127909,2021-02-13,,120,111,2020,Final,4,,False,24,23
1594,127911,2021-02-13,,117,134,2020,Final,4,,False,10,3
1595,127907,2021-02-13,,112,94,2020,Final,4,,False,29,16
1596,127912,2021-02-14,,109,90,2020,Final,4,,False,24,22
1597,127916,2021-02-14,,122,105,2020,Final,4,,False,8,14
1598,219052,2021-02-14,,123,112,2020,Final,4,,False,9,19
2494,473597,2021-11-13,,92,104,2021,Final,4,,False,22,30
2495,473606,2021-11-14,,96,120,2021,Final,4,,False,21,3
2496,473604,2021-11-14,,106,102,2021,Final,4,,False,4,10
2497,473601,2021-11-14,,124,95,2021,Final,4,,False,8,25
2498,473605,2021-11-14,,89,115,2021,Final,4,,False,11,24
2499,473602,2021-11-14,,114,106,2021,Final,4,,False,14,27
2500,473603,2021-11-14,,120,100,2021,Final,4,,False,1,17
2501,473600,2021-11-14,,90,100,2021,Final,4,,False,13,5
2502,473610,2021-11-15,,96,99,2021,Final,4,,False,18,24
1599,219051,2021-02-14,,104,91,2020,Final,4,,False,30,2
1600,127918,2021-02-14,,110,122,2020,Final,4,,False,4,27
1601,127915,2021-02-14,,102,108,2020,Final,4,,False,2,9
1602,127914,2021-02-14,,128,111,2020,Final,4,,False,13,6
1603,127913,2021-02-14,,114,109,2020,Final,4,,False,21,17
1604,127920,2021-02-14,,118,121,2020,Final,4,,False,7,25
1605,127917,2021-02-14,,112,116,2020,Final,4,,False,28,18
1606,127919,2021-02-14,,110,124,2020,Final,4,,False,26,15
1607,127927,2021-02-15,,125,118,2020,Final,4,,False,13,16
1608,127922,2021-02-15,,123,112,2020,Final,4,,False,20,1
1609,127923,2021-02-15,,129,98,2020,Final,4,,False,10,6
1610,127926,2021-02-15,,106,136,2020,Final,4,,False,26,3
1611,127924,2021-02-15,,112,120,2020,Final,5,,False,12,5
1612,127925,2021-02-15,,134,123,2020,Final,4,,False,29,23
1613,127921,2021-02-15,,131,119,2020,Final,4,,False,30,11
1614,127932,2021-02-16,,113,124,2020,Final,4,,False,17,28
1615,127928,2021-02-16,,124,128,2020,Final,4,,False,24,3
1616,127934,2021-02-16,,112,99,2020,Final,4,,False,2,8
1617,127933,2021-02-16,,104,115,2020,Final,4,,False,21,25
1618,127945,2021-02-17,,96,114,2020,Final,4,,False,13,29
1619,127939,2021-02-17,,114,122,2020,Final,4,,False,2,1
1620,225572,2021-02-17,,122,113,2020,Final,4,,False,15,21
1621,127941,2021-02-17,,118,113,2020,Final,4,,False,23,11
1622,127943,2021-02-17,,127,117,2020,Final,4,,False,7,9
1623,127942,2021-02-17,,99,120,2020,Final,4,,False,4,5
1624,127937,2021-02-17,,110,116,2020,Final,4,,False,6,27
1625,127936,2021-02-17,,124,126,2020,Final,4,,False,19,25
1626,127944,2021-02-17,,120,112,2020,Final,5,,False,10,16
1627,127935,2021-02-17,,128,134,2020,Final,5,,False,18,12
1628,127940,2021-02-17,,107,89,2020,Final,4,,False,22,20
1629,127938,2021-02-17,,130,128,2020,Final,4,,False,30,8
1630,225570,2021-02-17,,105,102,2020,Final,4,,False,5,9
1631,127946,2021-02-18,,110,118,2020,Final,4,,False,26,16
1632,127948,2021-02-18,,96,110,2020,Final,4,,False,17,28
1633,127947,2021-02-18,,98,109,2020,Final,4,,False,14,3
1639,127957,2021-02-19,,102,93,2020,Final,4,,False,11,7
1640,127958,2021-02-19,,116,112,2020,Final,4,,False,13,29
1637,127952,2021-02-19,,114,132,2020,Final,4,,False,19,24
1641,230712,2021-02-19,,103,120,2020,Final,4,,False,6,8
1638,127954,2021-02-19,,98,85,2020,Final,4,,False,17,21
1635,127955,2021-02-19,,121,109,2020,Final,4,,False,2,1
1642,127949,2021-02-19,,124,120,2020,Final,4,,False,22,10
1643,127951,2021-02-19,,112,117,2020,Final,4,,False,4,8
1644,127953,2021-02-19,,109,95,2020,Final,4,,False,15,9
1634,127956,2021-02-19,,81,86,2020,Final,4,,False,18,28
1636,127950,2021-02-19,,112,105,2020,Final,4,,False,23,5
1645,127962,2021-02-20,,124,132,2020,Final,4,,False,11,12
1646,127960,2021-02-20,,111,118,2020,Final,4,,False,25,30
1647,127963,2021-02-20,,102,100,2020,Final,4,,False,4,10
1648,127964,2021-02-20,,97,128,2020,Final,4,,False,15,24
1649,127961,2021-02-20,,102,98,2020,Final,4,,False,20,27
1650,127965,2021-02-20,,94,96,2020,Final,4,,False,14,16
1651,127959,2021-02-20,,122,114,2020,Final,4,,False,5,26
1652,127968,2021-02-21,,123,115,2020,Final,4,,False,1,8
1653,127967,2021-02-21,,110,103,2020,Final,4,,False,28,23
1654,127971,2021-02-21,,120,115,2020,Final,5,,False,19,2
1655,127969,2021-02-21,,103,99,2020,Final,4,,False,20,18
1656,127970,2021-02-21,,101,117,2020,Final,4,,False,6,21
1657,127973,2021-02-21,,128,115,2020,Final,4,,False,17,26
1658,127966,2021-02-21,,105,96,2020,Final,4,,False,22,9
1659,127972,2021-02-21,,108,112,2020,Final,4,,False,13,3
1660,127975,2021-02-22,,124,127,2020,Final,5,,False,14,30
1661,127980,2021-02-22,,94,109,2020,Final,4,,False,12,27
1662,127983,2021-02-23,,106,114,2020,Final,4,,False,20,10
1663,127982,2021-02-23,,110,107,2020,Final,4,,False,7,2
1664,127988,2021-02-23,,102,109,2020,Final,4,,False,28,23
1665,127989,2021-02-23,,139,112,2020,Final,4,,False,17,18
1666,127984,2021-02-23,,93,105,2020,Final,4,,False,22,9
1667,127981,2021-02-23,,111,106,2020,Final,4,,False,8,25
1668,127985,2021-02-23,,135,116,2020,Final,4,,False,13,30
1669,127987,2021-02-23,,112,111,2020,Final,4,,False,6,1
1670,127986,2021-02-23,,127,118,2020,Final,4,,False,3,26
1671,127996,2021-02-24,,128,118,2020,Final,4,,False,19,9
1672,127990,2021-02-24,,114,89,2020,Final,4,,False,29,14
1673,127995,2021-02-24,,112,96,2020,Final,4,,False,6,11
1674,127992,2021-02-24,,102,99,2020,Final,4,,False,21,27
2503,473609,2021-11-15,,136,102,2021,Final,4,,False,15,11
2504,473614,2021-11-15,,111,101,2021,Final,4,,False,7,8
2505,473617,2021-11-15,,103,121,2021,Final,4,,False,14,5
2506,473611,2021-11-15,,92,84,2021,Final,4,,False,20,12
2507,473608,2021-11-15,,92,98,2021,Final,4,,False,6,2
1675,127998,2021-02-24,,107,111,2020,Final,4,,False,12,10
1676,127994,2021-02-24,,116,108,2020,Final,4,,False,16,28
1677,127997,2021-02-24,,121,124,2020,Final,4,,False,24,4
1678,127991,2021-02-24,,133,126,2020,Final,5,,False,5,18
1679,127993,2021-02-24,,127,112,2020,Final,4,,False,1,2
1681,128000,2021-02-25,,129,92,2020,Final,4,,False,3,22
1685,128001,2021-02-25,,111,97,2020,Final,4,,False,23,7
1684,128004,2021-02-25,,129,125,2020,Final,4,,False,17,19
1680,128003,2021-02-25,,110,112,2020,Final,4,,False,8,30
1683,128002,2021-02-25,,122,94,2020,Final,4,,False,15,13
1682,127999,2021-02-25,,140,121,2020,Final,4,,False,20,26
1686,128013,2021-02-26,,124,116,2020,Final,4,,False,16,29
1687,128012,2021-02-26,,118,112,2020,Final,4,,False,2,12
1688,128008,2021-02-26,,122,111,2020,Final,4,,False,28,11
1689,128011,2021-02-26,,118,109,2020,Final,4,,False,21,1
1690,128007,2021-02-26,,130,121,2020,Final,4,,False,10,4
1691,128006,2021-02-26,,99,119,2020,Final,4,,False,15,13
1692,128009,2021-02-26,,97,106,2020,Final,4,,False,5,24
1693,128010,2021-02-26,,107,110,2020,Final,4,,False,9,26
1694,128005,2021-02-26,,102,93,2020,Final,4,,False,14,25
1695,128016,2021-02-27,,110,107,2020,Final,4,,False,20,12
1696,128019,2021-02-27,,98,115,2020,Final,4,,False,3,7
1697,128014,2021-02-27,,117,114,2020,Final,4,,False,27,19
1698,128015,2021-02-27,,128,112,2020,Final,4,,False,30,18
1699,128018,2021-02-27,,109,124,2020,Final,4,,False,22,29
1700,128017,2021-02-27,,109,112,2020,Final,5,,False,23,6
1701,128020,2021-02-27,,96,126,2020,Final,4,,False,21,8
1702,128026,2021-02-28,,113,122,2020,Final,4,,False,28,5
1703,128021,2021-02-28,,126,127,2020,Final,4,,False,26,4
1704,128028,2021-02-28,,84,133,2020,Final,4,,False,11,15
1705,128023,2021-02-28,,117,91,2020,Final,4,,False,14,10
1706,128027,2021-02-28,,111,110,2020,Final,4,,False,2,30
1707,128029,2021-02-28,,105,100,2020,Final,4,,False,17,13
1708,128031,2021-03-01,,123,111,2020,Final,4,,False,25,4
1709,128034,2021-03-01,,90,101,2020,Final,4,,False,11,6
1710,128035,2021-03-01,,113,124,2020,Final,5,,False,27,3
1711,128033,2021-03-01,,112,118,2020,Final,4,,False,5,8
1712,128036,2021-03-01,,124,130,2020,Final,4,,False,22,7
1713,128032,2021-03-01,,130,114,2020,Final,4,,False,23,12
1714,128030,2021-03-01,,129,124,2020,Final,4,,False,19,29
1715,128043,2021-03-02,,80,94,2020,Final,4,,False,16,1
1716,128042,2021-03-02,,111,125,2020,Final,4,,False,30,15
1717,128039,2021-03-02,,119,93,2020,Final,4,,False,27,20
1718,128037,2021-03-02,,104,114,2020,Final,4,,False,14,24
1719,128040,2021-03-02,,97,128,2020,Final,4,,False,17,8
1720,128038,2021-03-02,,105,129,2020,Final,4,,False,28,9
1721,128041,2021-03-02,,117,112,2020,Final,4,,False,2,13
1722,128049,2021-03-03,,112,115,2020,Final,4,,False,22,1
1723,128045,2021-03-03,,87,78,2020,Final,4,,False,7,21
1724,128046,2021-03-03,,131,123,2020,Final,5,,False,23,29
1725,128044,2021-03-03,,123,120,2020,Final,4,,False,26,14
1726,128048,2021-03-03,,114,132,2020,Final,4,,False,11,3
1727,128047,2021-03-03,,108,106,2020,Final,4,,False,25,10
1728,128050,2021-03-03,,124,128,2020,Final,4,,False,19,5
1729,128051,2021-03-03,,102,135,2020,Final,4,,False,18,4
1730,128052,2021-03-03,,111,114,2020,Final,4,,False,6,12
1731,128058,2021-03-04,,102,107,2020,Final,4,,False,27,21
1732,128057,2021-03-04,,123,119,2020,Final,4,,False,25,26
1733,128059,2021-03-04,,132,125,2020,Final,4,,False,2,28
1734,128055,2021-03-04,,93,103,2020,Final,4,,False,19,16
1735,264260,2021-03-10,,115,104,2020,Final,4,,False,7,27
1736,264259,2021-03-10,,127,112,2020,Final,4,,False,15,30
1737,264271,2021-03-11,,121,127,2020,Final,4,,False,25,24
1738,264261,2021-03-11,,121,109,2020,Final,4,,False,3,2
1739,264262,2021-03-11,,105,102,2020,Final,4,,False,4,9
1740,264264,2021-03-11,,111,103,2020,Final,4,,False,16,22
1741,264265,2021-03-11,,105,127,2020,Final,4,,False,5,23
1742,264263,2021-03-11,,120,121,2020,Final,4,,False,28,1
1743,264267,2021-03-11,,105,135,2020,Final,4,,False,19,18
1744,264266,2021-03-11,,134,101,2020,Final,4,,False,17,20
1745,264269,2021-03-11,,130,104,2020,Final,4,,False,13,10
1746,264268,2021-03-11,,125,105,2020,Final,4,,False,26,11
1747,264270,2021-03-11,,116,108,2020,Final,4,,False,21,7
1748,264277,2021-03-12,,105,100,2020,Final,4,,False,14,12
1749,264272,2021-03-12,,90,101,2020,Final,4,,False,5,16
1750,264274,2021-03-12,,116,78,2020,Final,4,,False,19,6
1751,264276,2021-03-12,,102,103,2020,Final,4,,False,15,8
2508,473615,2021-11-15,,105,100,2021,Final,4,,False,30,19
2509,473620,2021-11-16,,120,85,2021,Final,4,,False,29,23
2510,473619,2021-11-16,,106,92,2021,Final,4,,False,13,27
2511,473618,2021-11-16,,99,117,2021,Final,4,,False,3,10
1752,264278,2021-03-12,,114,99,2020,Final,4,,False,29,11
1753,264273,2021-03-12,,104,77,2020,Final,4,,False,27,22
1754,264275,2021-03-12,,101,127,2020,Final,4,,False,30,23
1756,264282,2021-03-13,,121,125,2020,Final,4,,False,18,25
1757,264283,2021-03-13,,97,119,2020,Final,4,,False,21,20
1758,264285,2021-03-13,,119,125,2020,Final,4,,False,30,17
1759,264281,2021-03-13,,100,95,2020,Final,4,,False,3,9
1760,264286,2021-03-13,,103,116,2020,Final,4,,False,8,7
1755,264284,2021-03-13,,121,106,2020,Final,4,,False,1,26
1761,264292,2021-03-14,,107,134,2020,Final,4,,False,11,2
1762,264287,2021-03-14,,114,112,2020,Final,4,,False,18,25
1763,264290,2021-03-14,,97,102,2020,Final,4,,False,22,16
1764,264293,2021-03-14,,134,99,2020,Final,4,,False,23,27
1765,264295,2021-03-14,,135,115,2020,Final,4,,False,19,13
1766,264294,2021-03-14,,100,82,2020,Final,4,,False,1,6
1767,264288,2021-03-14,,118,95,2020,Final,4,,False,5,28
1768,264289,2021-03-14,,131,119,2020,Final,4,,False,10,29
1769,264291,2021-03-14,,128,122,2020,Final,4,,False,21,15
1770,264301,2021-03-15,,121,106,2020,Final,4,,False,8,12
1771,264297,2021-03-15,,122,133,2020,Final,4,,False,30,17
1772,264296,2021-03-15,,117,112,2020,Final,4,,False,3,20
1773,264299,2021-03-15,,122,116,2020,Final,4,,False,4,26
1774,264302,2021-03-15,,97,128,2020,Final,4,,False,10,14
1775,264298,2021-03-15,,99,109,2020,Final,4,,False,7,13
1776,264303,2021-03-15,,122,99,2020,Final,4,,False,24,15
1779,264304,2021-03-16,,107,119,2020,Final,4,,False,11,1
1780,264306,2021-03-16,,109,117,2020,Final,4,,False,2,29
1778,264307,2021-03-16,,123,102,2020,Final,4,,False,5,21
1781,264308,2021-03-16,,113,98,2020,Final,4,,False,16,6
1777,264305,2021-03-16,,99,96,2020,Final,4,,False,23,20
1782,264310,2021-03-16,,137,121,2020,Final,4,,False,14,18
1783,264313,2021-03-17,,116,112,2020,Final,4,,False,9,28
1784,264311,2021-03-17,,89,85,2020,Final,4,,False,15,16
1785,264318,2021-03-17,,99,106,2020,Final,4,,False,5,27
1786,264312,2021-03-17,,94,108,2020,Final,4,,False,11,10
1787,264315,2021-03-17,,115,124,2020,Final,4,,False,12,3
1788,264314,2021-03-17,,105,109,2020,Final,5,,False,23,17
1789,264319,2021-03-17,,129,104,2020,Final,4,,False,8,4
1790,264320,2021-03-17,,105,89,2020,Final,4,,False,7,13
1791,264316,2021-03-17,,119,121,2020,Final,4,,False,30,26
1792,264317,2021-03-17,,117,110,2020,Final,4,,False,6,2
1793,264326,2021-03-18,,116,105,2020,Final,4,,False,14,4
1794,264323,2021-03-18,,94,93,2020,Final,4,,False,20,22
1795,264324,2021-03-18,,101,93,2020,Final,4,,False,25,19
1796,264321,2021-03-18,,116,93,2020,Final,4,,False,1,21
1797,264325,2021-03-18,,119,123,2020,Final,4,,False,24,18
1799,264334,2021-03-19,,110,137,2020,Final,4,,False,16,12
1801,264332,2021-03-19,,131,127,2020,Final,5,,False,8,5
1802,264331,2021-03-19,,121,113,2020,Final,4,,False,22,3
1803,264333,2021-03-19,,112,115,2020,Final,4,,False,28,29
1798,264327,2021-03-19,,100,113,2020,Final,4,,False,11,9
1804,264336,2021-03-19,,113,101,2020,Final,4,,False,24,18
1800,264330,2021-03-19,,103,116,2020,Final,4,,False,15,10
1805,264335,2021-03-19,,125,119,2020,Final,4,,False,25,7
1806,264329,2021-03-19,,96,107,2020,Final,4,,False,2,26
1807,264341,2021-03-20,,111,103,2020,Final,4,,False,15,10
1808,264338,2021-03-20,,94,99,2020,Final,4,,False,14,1
1809,264339,2021-03-20,,125,98,2020,Final,4,,False,13,4
1810,264340,2021-03-20,,120,113,2020,Final,4,,False,17,27
1811,264337,2021-03-20,,129,105,2020,Final,4,,False,23,26
1812,264344,2021-03-21,,106,109,2020,Final,5,,False,16,12
1813,264342,2021-03-21,,112,114,2020,Final,4,,False,11,21
1814,264349,2021-03-21,,108,113,2020,Final,4,,False,8,19
1815,264350,2021-03-21,,92,132,2020,Final,4,,False,25,7
1816,264343,2021-03-21,,113,106,2020,Final,4,,False,3,30
1817,264346,2021-03-21,,100,101,2020,Final,5,,False,20,23
1818,264348,2021-03-21,,86,100,2020,Final,4,,False,9,5
1819,264351,2021-03-21,,111,94,2020,Final,4,,False,24,14
1820,264347,2021-03-21,,116,105,2020,Final,4,,False,6,28
1821,264357,2021-03-22,,95,120,2020,Final,4,,False,5,29
1822,264359,2021-03-22,,140,113,2020,Final,4,,False,17,12
1826,264353,2021-03-22,,103,112,2020,Final,4,,False,18,21
1823,264354,2021-03-22,,117,99,2020,Final,4,,False,11,28
1824,264358,2021-03-22,,105,119,2020,Final,4,,False,6,26
1827,264352,2021-03-22,,119,110,2020,Final,4,,False,13,1
1828,264355,2021-03-22,,132,126,2020,Final,5,,False,15,2
1825,264356,2021-03-22,,97,100,2020,Final,4,,False,27,4
1829,264360,2021-03-23,,131,113,2020,Final,4,,False,20,30
1830,264363,2021-03-23,,128,111,2020,Final,4,,False,19,14
1831,264361,2021-03-23,,99,110,2020,Final,4,,False,22,8
2512,473627,2021-11-17,,109,84,2021,Final,4,,False,17,14
1832,264362,2021-03-23,,98,108,2020,Final,4,,False,10,23
1833,264365,2021-03-23,,100,110,2020,Final,4,,False,16,24
1834,264364,2021-03-23,,112,116,2020,Final,4,,False,25,3
1835,264375,2021-03-24,,101,134,2020,Final,4,,False,27,13
1836,264372,2021-03-24,,94,103,2020,Final,4,,False,5,6
1837,264371,2021-03-24,,121,119,2020,Final,4,,False,17,2
1838,264370,2021-03-24,,108,128,2020,Final,4,,False,18,7
1839,264374,2021-03-24,,118,88,2020,Final,4,,False,29,3
1840,264369,2021-03-24,,116,111,2020,Final,4,,False,12,9
1841,264368,2021-03-24,,135,111,2020,Final,4,,False,28,8
1842,264367,2021-03-24,,112,111,2020,Final,4,,False,22,24
1843,264373,2021-03-24,,107,116,2020,Final,4,,False,21,15
1844,264366,2021-03-24,,97,122,2020,Final,4,,False,11,4
1845,264376,2021-03-24,,110,108,2020,Final,4,,False,26,1
1846,264377,2021-03-25,,101,109,2020,Final,4,,False,14,23
1847,264379,2021-03-25,,122,125,2020,Final,4,,False,16,25
1848,264380,2021-03-25,,106,102,2020,Final,4,,False,20,30
1849,264381,2021-03-25,,141,119,2020,Final,4,,False,26,10
1850,264391,2021-03-26,,117,114,2020,Final,4,,False,29,15
1851,264392,2021-03-26,,100,86,2020,Final,4,,False,14,6
1852,264385,2021-03-26,,105,112,2020,Final,4,,False,22,25
1853,264387,2021-03-26,,111,113,2020,Final,4,,False,9,3
1854,264383,2021-03-26,,110,105,2020,Final,4,,False,4,16
1855,264382,2021-03-26,,107,101,2020,Final,4,,False,18,11
1856,264389,2021-03-26,,94,109,2020,Final,4,,False,7,12
1857,264384,2021-03-26,,114,122,2020,Final,4,,False,17,2
1858,264388,2021-03-26,,100,104,2020,Final,4,,False,28,24
1859,264386,2021-03-26,,108,113,2020,Final,4,,False,19,8
1860,264390,2021-03-26,,108,124,2020,Final,4,,False,10,1
1861,264399,2021-03-27,,126,110,2020,Final,4,,False,29,15
1862,264393,2021-03-27,,106,92,2020,Final,4,,False,30,9
1863,264398,2021-03-27,,96,102,2020,Final,4,,False,17,20
1864,264397,2021-03-27,,100,98,2020,Final,4,,False,26,6
1865,264401,2021-03-27,,112,103,2020,Final,4,,False,19,7
1866,264396,2021-03-27,,120,104,2020,Final,4,,False,27,5
1867,264395,2021-03-27,,107,129,2020,Final,4,,False,18,11
1868,264400,2021-03-27,,94,111,2020,Final,4,,False,21,2
1869,264394,2021-03-27,,122,112,2020,Final,4,,False,13,23
1870,264404,2021-03-28,,126,102,2020,Final,4,,False,8,1
1871,264405,2021-03-28,,97,101,2020,Final,5,,False,4,24
1872,264403,2021-03-28,,96,93,2020,Final,4,,False,14,22
1873,264402,2021-03-28,,117,122,2020,Final,4,,False,28,25
1874,264414,2021-03-29,,106,127,2020,Final,4,,False,21,7
1875,264413,2021-03-29,,112,107,2020,Final,4,,False,3,18
1876,264408,2021-03-29,,116,102,2020,Final,4,,False,10,5
1877,264409,2021-03-29,,114,75,2020,Final,4,,False,29,6
1878,264410,2021-03-29,,115,132,2020,Final,4,,False,27,26
1879,264412,2021-03-29,,110,120,2020,Final,4,,False,11,15
1880,264411,2021-03-29,,88,98,2020,Final,4,,False,20,16
1881,264415,2021-03-29,,118,104,2020,Final,4,,False,9,28
1882,264406,2021-03-29,,109,115,2020,Final,4,,False,2,19
1883,264416,2021-03-29,,129,105,2020,Final,4,,False,13,17
1884,264407,2021-03-29,,132,124,2020,Final,4,,False,30,12
1885,264418,2021-03-30,,104,114,2020,Final,4,,False,30,4
1886,264420,2021-03-30,,96,103,2020,Final,4,,False,13,22
1887,264419,2021-03-30,,104,95,2020,Final,4,,False,8,23
1888,264426,2021-03-31,,87,92,2020,Final,4,,False,12,16
1889,264430,2021-03-31,,102,101,2020,Final,4,,False,18,20
1890,264423,2021-03-31,,107,111,2020,Final,4,,False,15,29
1891,264421,2021-03-31,,120,108,2020,Final,4,,False,3,11
1892,264425,2021-03-31,,101,124,2020,Final,4,,False,9,25
1893,264422,2021-03-31,,97,112,2020,Final,4,,False,14,17
1894,264429,2021-03-31,,108,113,2020,Final,4,,False,2,7
1895,264424,2021-03-31,,120,106,2020,Final,4,,False,27,26
1896,264427,2021-03-31,,113,103,2020,Final,4,,False,21,28
1897,264428,2021-03-31,,121,116,2020,Final,4,,False,24,5
1898,264434,2021-04-01,,94,101,2020,Final,4,,False,13,8
1899,264436,2021-04-01,,110,115,2020,Final,5,,False,19,22
1900,264431,2021-04-01,,94,114,2020,Final,4,,False,6,23
1901,264446,2021-04-02,,94,115,2020,Final,4,,False,26,14
1902,264445,2021-04-02,,130,77,2020,Final,4,,False,28,10
1903,264443,2021-04-02,,103,126,2020,Final,4,,False,19,1
1904,264439,2021-04-02,,120,108,2020,Final,4,,False,15,18
1905,264444,2021-04-02,,113,106,2020,Final,4,,False,29,5
1906,264440,2021-04-02,,97,114,2020,Final,4,,False,12,4
1907,264438,2021-04-02,,118,102,2020,Final,4,,False,2,11
1908,264447,2021-04-02,,109,127,2020,Final,4,,False,25,17
1909,264442,2021-04-02,,140,103,2020,Final,4,,False,24,21
1910,264441,2021-04-02,,86,99,2020,Final,4,,False,20,7
1911,264453,2021-04-03,,115,101,2020,Final,4,,False,16,6
1912,264454,2021-04-03,,137,91,2020,Final,4,,False,29,22
1913,264450,2021-04-03,,128,129,2020,Final,4,,False,26,17
1914,264451,2021-04-03,,133,85,2020,Final,4,,False,25,21
1915,264449,2021-04-03,,81,125,2020,Final,4,,False,9,20
1916,264448,2021-04-03,,87,109,2020,Final,4,,False,30,7
1917,264455,2021-04-03,,133,139,2020,Final,5,,False,27,12
1918,264452,2021-04-03,,122,113,2020,Final,4,,False,23,18
1923,264459,2021-04-04,,104,86,2020,Final,4,,False,13,14
1924,264460,2021-04-04,,115,107,2020,Final,4,,False,5,3
1920,264457,2021-04-04,,117,111,2020,Final,4,,False,1,10
1925,264462,2021-04-04,,119,109,2020,Final,4,,False,8,22
1921,264461,2021-04-04,,115,122,2020,Final,4,,False,11,19
1919,264458,2021-04-04,,100,116,2020,Final,4,,False,23,15
1922,264456,2021-04-04,,116,86,2020,Final,4,,False,2,4
1926,264466,2021-04-05,,114,112,2020,Final,4,,False,3,20
1927,264463,2021-04-05,,130,133,2020,Final,4,,False,11,24
1928,264467,2021-04-05,,103,101,2020,Final,4,,False,28,30
1929,264465,2021-04-05,,116,106,2020,Final,4,,False,18,26
1930,264468,2021-04-05,,111,103,2020,Final,4,,False,7,29
1931,264464,2021-04-05,,108,132,2020,Final,4,,False,21,9
1932,264469,2021-04-05,,101,125,2020,Final,4,,False,27,6
1933,264475,2021-04-06,,96,106,2020,Final,4,,False,2,23
1934,264473,2021-04-06,,101,110,2020,Final,4,,False,28,14
1935,264476,2021-04-06,,112,124,2020,Final,4,,False,16,15
1936,264474,2021-04-06,,123,107,2020,Final,4,,False,1,19
1937,264471,2021-04-06,,122,121,2020,Final,4,,False,10,17
1938,264470,2021-04-06,,133,116,2020,Final,4,,False,13,25
1939,264472,2021-04-06,,97,113,2020,Final,4,,False,12,5
1943,264481,2021-04-07,,113,131,2020,Final,4,,False,1,15
1944,264484,2021-04-07,,117,113,2020,Final,5,,False,24,29
1942,264478,2021-04-07,,102,113,2020,Final,4,,False,21,4
1941,264482,2021-04-07,,101,99,2020,Final,4,,False,2,20
1940,264483,2021-04-07,,141,137,2020,Final,4,,False,12,18
1945,264480,2021-04-07,,116,131,2020,Final,4,,False,22,30
1946,264485,2021-04-07,,106,96,2020,Final,4,,False,8,27
1947,264492,2021-04-08,,110,104,2020,Final,4,,False,16,14
1948,264489,2021-04-08,,122,103,2020,Final,4,,False,29,25
1949,264491,2021-04-08,,116,101,2020,Final,4,,False,7,17
1950,264488,2021-04-08,,113,103,2020,Final,4,,False,13,24
1951,264490,2021-04-08,,102,129,2020,Final,4,,False,21,6
1952,264487,2021-04-08,,101,113,2020,Final,4,,False,26,9
1953,264498,2021-04-09,,120,108,2020,Final,4,,False,1,5
1954,264500,2021-04-09,,133,129,2020,Final,5,,False,20,15
1955,264499,2021-04-09,,107,110,2020,Final,4,,False,10,30
1956,264494,2021-04-09,,101,94,2020,Final,4,,False,19,23
1957,264493,2021-04-09,,106,111,2020,Final,4,,False,22,12
1958,264502,2021-04-09,,126,109,2020,Final,4,,False,13,11
1959,264495,2021-04-09,,121,119,2020,Final,4,,False,8,27
1960,264496,2021-04-09,,145,136,2020,Final,5,,False,2,18
1961,264497,2021-04-09,,115,135,2020,Final,4,,False,6,28
1962,264501,2021-04-09,,119,127,2020,Final,4,,False,17,4
1963,264507,2021-04-10,,125,109,2020,Final,4,,False,10,11
1964,264506,2021-04-10,,128,112,2020,Final,4,,False,29,26
1966,264504,2021-04-10,,101,126,2020,Final,4,,False,3,14
1965,264508,2021-04-10,,118,103,2020,Final,4,,False,25,9
1967,264516,2021-04-11,,121,117,2020,Final,4,,False,18,5
1968,264511,2021-04-11,,87,124,2020,Final,4,,False,22,17
1969,264509,2021-04-11,,131,124,2020,Final,4,,False,13,9
1970,264513,2021-04-11,,87,105,2020,Final,4,,False,8,2
1971,264510,2021-04-11,,109,116,2020,Final,4,,False,6,19
1972,264515,2021-04-11,,102,96,2020,Final,4,,False,20,28
1973,264514,2021-04-11,,101,105,2020,Final,4,,False,4,1
1974,264517,2021-04-11,,125,132,2020,Final,4,,False,15,12
1975,264518,2021-04-11,,98,107,2020,Final,4,,False,25,16
1976,264512,2021-04-11,,117,119,2020,Final,4,,False,7,27
1977,264519,2021-04-12,,111,96,2020,Final,4,,False,20,14
1978,264526,2021-04-12,,126,120,2020,Final,4,,False,24,11
1979,264524,2021-04-12,,97,127,2020,Final,4,,False,18,3
1980,264520,2021-04-12,,121,125,2020,Final,4,,False,29,30
1981,264527,2021-04-12,,97,120,2020,Final,4,,False,22,27
1982,264525,2021-04-12,,116,107,2020,Final,4,,False,10,8
1983,264522,2021-04-12,,95,113,2020,Final,4,,False,7,23
1984,264521,2021-04-12,,117,110,2020,Final,4,,False,19,26
1985,264530,2021-04-13,,103,108,2020,Final,4,,False,28,1
2513,473631,2021-11-17,,112,107,2021,Final,4,,False,25,5
2514,473621,2021-11-17,,110,99,2021,Final,4,,False,1,2
2515,473630,2021-11-17,,105,98,2021,Final,4,,False,24,7
2516,473624,2021-11-17,,97,89,2021,Final,4,,False,9,12
2517,473623,2021-11-17,,113,98,2021,Final,4,,False,16,19
2518,473622,2021-11-17,,109,99,2021,Final,4,,False,3,6
2519,473628,2021-11-17,,101,89,2021,Final,4,,False,21,11
2520,473629,2021-11-17,,107,97,2021,Final,4,,False,18,26
1986,264528,2021-04-13,,93,101,2020,Final,4,,False,4,14
1990,264532,2021-04-13,,115,116,2020,Final,4,,False,25,2
1987,264533,2021-04-13,,106,86,2020,Final,4,,False,24,16
1988,264529,2021-04-13,,115,126,2020,Final,4,,False,12,13
1989,264531,2021-04-13,,106,96,2020,Final,4,,False,29,21
1991,264539,2021-04-14,,90,103,2020,Final,4,,False,4,6
1992,264541,2021-04-14,,109,147,2020,Final,4,,False,21,10
1993,264537,2021-04-14,,123,117,2020,Final,4,,False,23,3
1994,264545,2021-04-14,,111,123,2020,Final,4,,False,26,30
1995,264535,2021-04-14,,106,115,2020,Final,4,,False,5,22
1996,264540,2021-04-14,,106,116,2020,Final,4,,False,19,20
1997,264542,2021-04-14,,113,114,2020,Final,4,,False,15,7
1998,264538,2021-04-14,,98,100,2020,Final,4,,False,9,13
1999,264536,2021-04-14,,117,112,2020,Final,4,,False,28,27
2000,264534,2021-04-14,,105,130,2020,Final,4,,False,18,17
2001,264544,2021-04-14,,123,106,2020,Final,4,,False,8,16
2002,264547,2021-04-15,,113,121,2020,Final,4,,False,14,2
2003,264546,2021-04-15,,101,119,2020,Final,4,,False,6,10
2004,264548,2021-04-15,,122,114,2020,Final,4,,False,24,26
2005,264549,2021-04-15,,109,120,2020,Final,4,,False,1,17
2007,264558,2021-04-16,,113,102,2020,Final,4,,False,28,22
2008,264557,2021-04-16,,110,104,2020,Final,4,,False,9,21
2009,264560,2021-04-16,,109,117,2020,Final,4,,False,7,20
2010,264559,2021-04-16,,106,107,2020,Final,4,,False,27,25
2011,264550,2021-04-16,,119,111,2020,Final,4,,False,29,12
2006,264553,2021-04-16,,106,103,2020,Final,4,,False,23,13
2012,264556,2021-04-16,,99,128,2020,Final,4,,False,11,8
2013,264555,2021-04-16,,115,126,2020,Final,4,,False,5,15
2014,264562,2021-04-17,,119,114,2020,Final,4,,False,2,10
2015,264561,2021-04-17,,127,115,2020,Final,5,,False,14,29
2016,264563,2021-04-17,,85,111,2020,Final,4,,False,24,27
2017,264566,2021-04-17,,115,128,2020,Final,4,,False,17,15
2018,264565,2021-04-17,,106,96,2020,Final,4,,False,5,6
2019,264564,2021-04-17,,121,100,2020,Final,4,,False,30,9
2020,264570,2021-04-18,,122,112,2020,Final,5,,False,20,19
2021,264569,2021-04-18,,109,107,2020,Final,4,,False,16,3
2022,264573,2021-04-18,,110,114,2020,Final,4,,False,22,11
2023,264567,2021-04-18,,107,121,2020,Final,4,,False,7,26
2024,264574,2021-04-18,,124,105,2020,Final,4,,False,13,18
2025,264568,2021-04-18,,112,106,2020,Final,4,,False,28,21
2026,264571,2021-04-18,,129,117,2020,Final,4,,False,1,12
2027,264582,2021-04-19,,119,107,2020,Final,4,,False,30,21
2028,264579,2021-04-19,,96,102,2020,Final,4,,False,2,5
2029,264576,2021-04-19,,139,137,2020,Final,6,,False,8,15
2030,264578,2021-04-19,,96,107,2020,Final,4,,False,23,10
2031,264583,2021-04-19,,127,128,2020,Final,5,,False,17,24
2032,264580,2021-04-19,,113,91,2020,Final,4,,False,16,11
2033,264581,2021-04-19,,97,111,2020,Final,4,,False,14,29
2034,264575,2021-04-19,,109,105,2020,Final,4,,False,9,6
2035,264587,2021-04-20,,112,113,2020,Final,4,,False,25,13
2036,264585,2021-04-20,,112,96,2020,Final,4,,False,1,22
2037,264586,2021-04-20,,120,134,2020,Final,4,,False,26,18
2038,264588,2021-04-20,,109,97,2020,Final,4,,False,20,4
2039,264584,2021-04-20,,129,134,2020,Final,4,,False,19,3
2040,264596,2021-04-21,,137,127,2020,Final,5,,False,20,1
2041,264598,2021-04-21,,117,105,2020,Final,4,,False,13,15
2042,264590,2021-04-21,,113,116,2020,Final,4,,False,23,24
2043,264592,2021-04-21,,122,116,2020,Final,4,,False,12,21
2044,264597,2021-04-21,,87,107,2020,Final,4,,False,27,16
2045,264593,2021-04-21,,114,103,2020,Final,4,,False,28,3
2046,264599,2021-04-21,,128,125,2020,Final,4,,False,26,18
2047,264589,2021-04-21,,118,114,2020,Final,4,,False,30,10
2048,264600,2021-04-21,,105,106,2020,Final,4,,False,25,8
2049,264594,2021-04-21,,89,112,2020,Final,4,,False,11,29
2050,264591,2021-04-21,,121,105,2020,Final,4,,False,6,5
2051,264603,2021-04-22,,99,86,2020,Final,4,,False,2,24
2052,264605,2021-04-22,,124,117,2020,Final,4,,False,17,23
2053,264606,2021-04-22,,115,110,2020,Final,4,,False,7,14
2054,264604,2021-04-22,,108,91,2020,Final,4,,False,5,4
2055,264601,2021-04-22,,106,91,2020,Final,4,,False,27,9
2056,264602,2021-04-22,,100,135,2020,Final,4,,False,22,19
2057,264610,2021-04-23,,109,104,2020,Final,4,,False,3,2
2060,264609,2021-04-23,,108,102,2020,Final,4,,False,4,6
2059,264608,2021-04-23,,109,129,2020,Final,4,,False,21,30
2058,264613,2021-04-23,,118,103,2020,Final,4,,False,1,16
2061,264612,2021-04-23,,118,97,2020,Final,4,,False,10,8
2062,264616,2021-04-24,,115,109,2020,Final,4,,False,12,9
2063,264619,2021-04-24,,132,94,2020,Final,4,,False,17,23
2064,264618,2021-04-24,,129,116,2020,Final,4,,False,8,11
2065,264620,2021-04-24,,106,101,2020,Final,4,,False,16,5
2521,473626,2021-11-17,,98,104,2021,Final,4,,False,20,22
2066,264617,2021-04-24,,96,101,2020,Final,4,,False,29,18
2067,264621,2021-04-24,,120,103,2020,Final,4,,False,20,28
2068,264614,2021-04-24,,108,93,2020,Final,4,,False,7,14
2069,264628,2021-04-25,,111,104,2020,Final,4,,False,1,17
2070,264622,2021-04-25,,112,131,2020,Final,4,,False,22,12
2071,264626,2021-04-25,,117,113,2020,Final,4,,False,10,26
2072,264627,2021-04-25,,128,119,2020,Final,4,,False,3,24
2073,264623,2021-04-25,,125,104,2020,Final,4,,False,4,2
2083,264632,2021-04-26,,143,146,2020,Final,5,,False,30,27
2084,264635,2021-04-26,,100,86,2020,Final,4,,False,9,1
2075,264638,2021-04-26,,120,96,2020,Final,4,,False,8,15
2082,264634,2021-04-26,,112,96,2020,Final,4,,False,28,6
2076,264636,2021-04-26,,105,104,2020,Final,4,,False,18,29
2079,264639,2021-04-26,,113,106,2020,Final,4,,False,26,7
2081,264629,2021-04-26,,102,110,2020,Final,4,,False,16,5
2080,264633,2021-04-26,,121,90,2020,Final,4,,False,23,21
2078,264630,2021-04-26,,110,118,2020,Final,4,,False,20,24
2077,264631,2021-04-26,,103,114,2020,Final,4,,False,22,14
2074,264637,2021-04-26,,120,103,2020,Final,4,,False,19,13
2085,264645,2021-04-27,,107,114,2020,Final,4,,False,11,18
2086,264643,2021-04-27,,103,116,2020,Final,4,,False,28,3
2087,264644,2021-04-27,,103,133,2020,Final,4,,False,10,7
2088,264641,2021-04-27,,112,133,2020,Final,4,,False,12,25
2089,264640,2021-04-27,,115,119,2020,Final,4,,False,2,21
2090,264642,2021-04-27,,104,114,2020,Final,4,,False,4,17
2094,264649,2021-04-28,,104,109,2020,Final,4,,False,6,22
2095,264651,2021-04-28,,113,94,2020,Final,4,,False,20,5
2096,264654,2021-04-28,,105,154,2020,Final,4,,False,26,29
2097,264648,2021-04-28,,120,111,2020,Final,4,,False,2,4
2099,264646,2021-04-28,,116,107,2020,Final,4,,False,30,14
2092,264655,2021-04-28,,109,101,2020,Final,4,,False,24,13
2093,264653,2021-04-28,,114,112,2020,Final,4,,False,8,19
2098,264650,2021-04-28,,127,83,2020,Final,4,,False,23,1
2100,264652,2021-04-28,,109,130,2020,Final,4,,False,15,25
2091,264647,2021-04-28,,116,111,2020,Final,4,,False,16,27
2101,264661,2021-04-29,,121,111,2020,Final,4,,False,8,28
2102,264660,2021-04-29,,126,114,2020,Final,4,,False,18,10
2103,264656,2021-04-29,,105,115,2020,Final,4,,False,9,7
2104,264659,2021-04-29,,113,130,2020,Final,4,,False,12,3
2105,264657,2021-04-29,,143,136,2020,Final,4,,False,11,17
2106,264658,2021-04-29,,95,109,2020,Final,4,,False,21,19
2107,264669,2021-04-30,,109,128,2020,Final,4,,False,3,25
2108,264664,2021-04-30,,121,100,2020,Final,4,,False,24,29
2109,264662,2021-04-30,,106,110,2020,Final,4,,False,14,26
2110,264663,2021-04-30,,98,108,2020,Final,4,,False,5,17
2111,264667,2021-04-30,,92,75,2020,Final,4,,False,15,22
2112,264666,2021-04-30,,126,104,2020,Final,4,,False,23,1
2113,264668,2021-04-30,,143,140,2020,Final,5,,False,2,27
2114,264665,2021-04-30,,93,122,2020,Final,4,,False,6,30
2115,264679,2021-05-01,,104,110,2020,Final,4,,False,13,8
2116,264673,2021-05-01,,87,113,2020,Final,4,,False,11,10
2117,264676,2021-05-01,,136,140,2020,Final,5,,False,18,19
2118,264675,2021-05-01,,108,97,2020,Final,4,,False,1,5
2119,264677,2021-05-01,,112,111,2020,Final,4,,False,22,15
2120,264671,2021-05-01,,95,152,2020,Final,4,,False,21,12
2121,264684,2021-05-02,,114,121,2020,Final,4,,False,14,28
2122,264681,2021-05-02,,111,121,2020,Final,4,,False,4,16
2123,264683,2021-05-02,,119,129,2020,Final,4,,False,2,25
2124,264685,2021-05-02,,97,122,2020,Final,4,,False,11,20
2125,264686,2021-05-02,,120,123,2020,Final,4,,False,21,24
2126,264682,2021-05-02,,99,111,2020,Final,4,,False,7,26
2127,264687,2021-05-02,,111,113,2020,Final,5,,False,27,23
2128,264680,2021-05-02,,68,114,2020,Final,4,,False,17,3
2129,264693,2021-05-03,,94,106,2020,Final,4,,False,5,23
2130,264692,2021-05-03,,110,99,2020,Final,4,,False,29,27
2131,264690,2021-05-03,,104,118,2020,Final,4,,False,15,20
2132,264691,2021-05-03,,123,114,2020,Final,4,,False,1,25
2133,264688,2021-05-03,,112,119,2020,Final,4,,False,9,22
2522,473625,2021-11-17,,97,87,2021,Final,4,,False,4,30
2523,473634,2021-11-18,,112,97,2021,Final,4,,False,16,30
2524,473637,2021-11-18,,119,103,2021,Final,4,,False,29,28
2525,473632,2021-11-18,,89,103,2021,Final,4,,False,8,23
2526,473636,2021-11-18,,120,108,2021,Final,4,,False,15,13
2527,473635,2021-11-18,,115,90,2021,Final,4,,False,18,27
2528,473633,2021-11-18,,89,104,2021,Final,4,,False,6,10
2529,473646,2021-11-19,,89,108,2021,Final,4,,False,26,28
2530,473644,2021-11-19,,130,108,2021,Final,4,,False,2,14
4002,857833,2022-12-23,,119,114,2022,Final,4,Final,False,23,13
2533,473643,2021-11-19,,102,105,2021,Final,4,,False,9,10
2534,473639,2021-11-19,,115,113,2021,Final,4,,False,3,22
2531,473640,2021-11-19,,121,118,2021,Final,4,,False,4,12
2134,264689,2021-05-03,,154,141,2020,Final,4,,False,30,12
2135,264694,2021-05-03,,108,123,2020,Final,4,,False,19,10
2136,264695,2021-05-03,,93,89,2020,Final,4,,False,14,8
2137,264701,2021-05-04,,105,100,2020,Final,4,,False,13,28
2138,264697,2021-05-04,,124,118,2020,Final,4,,False,17,3
2139,264696,2021-05-04,,113,127,2020,Final,4,,False,16,7
2140,264702,2021-05-04,,108,103,2020,Final,4,,False,19,10
2141,264699,2021-05-04,,99,102,2020,Final,4,,False,9,4
2142,264698,2021-05-04,,118,134,2020,Final,5,,False,6,24
2143,264700,2021-05-04,,99,103,2020,Final,4,,False,21,26
2145,264711,2021-05-05,,93,104,2020,Final,4,,False,12,26
2146,264710,2021-05-05,,135,103,2020,Final,4,,False,1,24
2147,264708,2021-05-05,,96,132,2020,Final,4,,False,22,2
2144,264705,2021-05-05,,105,141,2020,Final,4,,False,6,25
2148,264713,2021-05-06,,113,109,2020,Final,4,,False,7,3
2149,264715,2021-05-06,,118,94,2020,Final,4,,False,13,14
2150,264717,2021-05-06,,133,126,2020,Final,4,,False,12,1
2151,264718,2021-05-06,,118,97,2020,Final,4,,False,10,21
2152,264716,2021-05-06,,111,97,2020,Final,4,,False,9,15
2153,264712,2021-05-06,,129,131,2020,Final,5,,False,28,30
2154,264727,2021-05-07,,104,113,2020,Final,4,,False,26,27
2155,264728,2021-05-07,,106,101,2020,Final,4,,False,25,14
2156,264726,2021-05-07,,141,133,2020,Final,4,,False,17,11
2157,264725,2021-05-07,,128,105,2020,Final,4,,False,24,20
2158,264721,2021-05-07,,122,112,2020,Final,4,,False,4,22
2159,264722,2021-05-07,,121,112,2020,Final,4,,False,16,18
2160,264724,2021-05-07,,110,90,2020,Final,4,,False,7,6
2161,264719,2021-05-07,,127,120,2020,Final,4,,False,29,8
